date,users_active,total_sales,new_customers,report_generated,region,regional_sales,product_id
2023-06-01,179,81287.31,9,2023-06-01 16:00,North,519.37,-1
2023-06-01,179,81287.31,9,2023-06-01 16:00,North,987.06,491
2023-06-01,179,81287.31,9,2023-06-01 16:00,North,880.23,244
2023-06-01,179,81287.31,9,2023-06-01 16:00,East,666.86,926
2023-06-01,179,81287.31,9,2023-06-01 16:00,West,164.12,-1
2023-06-01,179,81287.31,9,2023-06-01 16:00,North,925.0,-1
2023-06-01,179,81287.31,9,2023-06-01 16:00,East,4582.0,508
2023-06-01,179,81287.31,9,2023-06-01 16:00,North,418.29,749
2023-06-01,179,81287.31,9,2023-06-01 16:00,East,4662.0,-1
2023-06-01,179,81287.31,9,2023-06-01 16:00,West,756.0,-1
2023-06-01,179,81287.31,9,2023-06-01 16:00,South,81.97,-1
2023-06-01,179,81287.31,9,2023-06-01 16:00,East,0.0,-1
2023-06-02,67,74771.99,5,2023-06-02 16:00,East,75.0,-1
2023-06-02,67,74771.99,5,2023-06-02 16:00,South,916.36,4729
2023-06-02,67,74771.99,5,2023-06-02 16:00,West,464.0,-1
2023-06-02,67,74771.99,5,2023-06-02 16:00,East,698.29,2940
2023-06-02,67,74771.99,5,2023-06-02 16:00,East,0.0,-1
2023-06-02,67,74771.99,5,2023-06-02 16:00,West,563.7,-1
2023-06-02,67,74771.99,5,2023-06-02 16:00,West,999.98,3872
2023-06-02,67,74771.99,5,2023-06-02 16:00,South,377.2,-1
2023-06-02,67,74771.99,5,2023-06-02 16:00,North,630.08,-1
2023-06-02,67,74771.99,5,2023-06-02 16:00,South,460.89,3285
2023-06-02,67,74771.99,5,2023-06-02 16:00,East,368.55,-1
2023-06-02,67,74771.99,5,2023-06-02 16:00,West,457.14,-1
2023-06-02,67,74771.99,5,2023-06-02 16:00,West,482.41,1327
2023-06-02,67,74771.99,5,2023-06-02 16:00,East,4506.0,-1
2023-06-03,369,84809.74,11,2023-06-03 16:00,East,420.43,2761
2023-06-03,369,84809.74,11,2023-06-03 16:00,South,2205.0,-1
2023-06-03,369,84809.74,11,2023-06-03 16:00,South,849.12,273
2023-06-03,369,84809.74,11,2023-06-03 16:00,North,3132.0,-1
2023-06-03,369,84809.74,11,2023-06-03 16:00,South,2736.0,-1
2023-06-03,369,84809.74,11,2023-06-03 16:00,South,746.48,2525
2023-06-03,369,84809.74,11,2023-06-03 16:00,North,0.0,-1
2023-06-03,369,84809.74,11,2023-06-03 16:00,North,804.36,4676
2023-06-03,369,84809.74,11,2023-06-03 16:00,North,278.97,3097
2023-06-03,369,84809.74,11,2023-06-03 16:00,West,608.21,142
2023-06-03,369,84809.74,11,2023-06-03 16:00,East,55.81,2839
2023-06-03,369,84809.74,11,2023-06-03 16:00,South,161.89,3339
2023-06-03,369,84809.74,11,2023-06-03 16:00,South,18.71,3484
2023-06-03,369,84809.74,11,2023-06-03 16:00,East,753.98,463
2023-06-04,94,61212.3,3,2023-06-04 16:00,South,1264.0,-1
2023-06-04,94,61212.3,3,2023-06-04 16:00,North,16.13,-1
2023-06-04,94,61212.3,3,2023-06-04 16:00,North,943.72,1312
2023-06-04,94,61212.3,3,2023-06-04 16:00,North,1351.0,-1
2023-06-04,94,61212.3,3,2023-06-04 16:00,East,533.27,226
2023-06-04,94,61212.3,3,2023-06-04 16:00,North,3260.0,857
2023-06-04,94,61212.3,3,2023-06-04 16:00,West,302.02,100
2023-06-04,94,61212.3,3,2023-06-04 16:00,East,54.08,3245
2023-06-04,94,61212.3,3,2023-06-04 16:00,West,762.84,2509
2023-06-04,94,61212.3,3,2023-06-04 16:00,North,661.14,4517
2023-06-04,94,61212.3,3,2023-06-04 16:00,North,2294.0,-1
2023-06-05,402,80911.49,10,2023-06-05 16:00,North,965.78,1108
2023-06-05,402,80911.49,10,2023-06-05 16:00,South,147.12,1516
2023-06-05,402,80911.49,10,2023-06-05 16:00,South,678.0,908
2023-06-05,402,80911.49,10,2023-06-05 16:00,West,970.0,-1
2023-06-05,402,80911.49,10,2023-06-05 16:00,South,2516.0,-1
2023-06-05,402,80911.49,10,2023-06-05 16:00,South,2780.0,-1
2023-06-05,402,80911.49,10,2023-06-05 16:00,West,581.45,321
2023-06-05,402,80911.49,10,2023-06-05 16:00,East,4.2,1427
2023-06-05,402,80911.49,10,2023-06-05 16:00,North,204.95,1717
2023-06-05,402,80911.49,10,2023-06-05 16:00,East,979.46,707
2023-06-05,402,80911.49,10,2023-06-05 16:00,West,222.5,394
2023-06-05,402,80911.49,10,2023-06-05 16:00,South,498.87,3364
2023-06-06,479,43124.77,10,2023-06-06 16:00,East,2991.0,-1
2023-06-06,479,43124.77,10,2023-06-06 16:00,West,74.27,1175
2023-06-06,479,43124.77,10,2023-06-06 16:00,South,3262.0,10
2023-06-06,479,43124.77,10,2023-06-06 16:00,North,2723.0,-1
2023-06-06,479,43124.77,10,2023-06-06 16:00,South,526.47,-1
2023-06-06,479,43124.77,10,2023-06-06 16:00,East,847.4,855
2023-06-06,479,43124.77,10,2023-06-06 16:00,North,234.16,255
2023-06-06,479,43124.77,10,2023-06-06 16:00,West,816.96,-1
2023-06-06,479,43124.77,10,2023-06-06 16:00,East,0.0,-1
2023-06-06,479,43124.77,10,2023-06-06 16:00,South,236.61,2345
2023-06-06,479,43124.77,10,2023-06-06 16:00,East,95.44,2352
2023-06-06,479,43124.77,10,2023-06-06 16:00,East,265.16,1517
2023-06-07,218,21758.84,5,2023-06-07 16:00,South,4629.0,-1
2023-06-07,218,21758.84,5,2023-06-07 16:00,North,522.34,2670
2023-06-07,218,21758.84,5,2023-06-07 16:00,West,0.0,-1
2023-06-07,218,21758.84,5,2023-06-07 16:00,South,908.67,352
2023-06-07,218,21758.84,5,2023-06-07 16:00,North,2309.0,-1
2023-06-07,218,21758.84,5,2023-06-07 16:00,East,219.07,296
2023-06-07,218,21758.84,5,2023-06-07 16:00,West,317.79,162
2023-06-07,218,21758.84,5,2023-06-07 16:00,South,462.49,157
2023-06-07,218,21758.84,5,2023-06-07 16:00,East,367.13,3546
2023-06-07,218,21758.84,5,2023-06-07 16:00,West,244.03,3543
2023-06-07,218,21758.84,5,2023-06-07 16:00,North,889.94,216
2023-06-07,218,21758.84,5,2023-06-07 16:00,East,4763.0,-1
2023-06-07,218,21758.84,5,2023-06-07 16:00,West,87.22,4394
2023-06-07,218,21758.84,5,2023-06-07 16:00,East,0.0,-1
2023-06-08,265,70662.79,6,2023-06-08 16:00,North,95.53,2010
2023-06-08,265,70662.79,6,2023-06-08 16:00,East,942.46,-1
2023-06-08,265,70662.79,6,2023-06-08 16:00,West,448.24,2139
2023-06-08,265,70662.79,6,2023-06-08 16:00,West,2998.0,-1
2023-06-08,265,70662.79,6,2023-06-08 16:00,East,691.12,-1
2023-06-08,265,70662.79,6,2023-06-08 16:00,North,2909.0,-1
2023-06-08,265,70662.79,6,2023-06-08 16:00,West,610.63,-1
2023-06-08,265,70662.79,6,2023-06-08 16:00,South,3979.0,21
2023-06-08,265,70662.79,6,2023-06-08 16:00,North,86.21,3947
2023-06-08,265,70662.79,6,2023-06-08 16:00,South,335.62,4887
2023-06-08,265,70662.79,6,2023-06-08 16:00,West,2704.0,-1
2023-06-08,265,70662.79,6,2023-06-08 16:00,South,115.23,940
2023-06-08,265,70662.79,6,2023-06-08 16:00,North,1115.0,-1
2023-06-09,118,61153.83,5,2023-06-09 16:00,North,566.59,-1
2023-06-09,118,61153.83,5,2023-06-09 16:00,North,41.29,4326
2023-06-09,118,61153.83,5,2023-06-09 16:00,South,677.86,3063
2023-06-09,118,61153.83,5,2023-06-09 16:00,South,386.07,567
2023-06-09,118,61153.83,5,2023-06-09 16:00,South,861.06,4714
2023-06-09,118,61153.83,5,2023-06-09 16:00,North,210.29,1990
2023-06-09,118,61153.83,5,2023-06-09 16:00,East,228.66,1598
2023-06-09,118,61153.83,5,2023-06-09 16:00,North,302.76,1678
2023-06-09,118,61153.83,5,2023-06-09 16:00,West,285.29,-1
2023-06-09,118,61153.83,5,2023-06-09 16:00,North,433.46,3269
2023-06-09,118,61153.83,5,2023-06-09 16:00,North,177.76,3528
2023-06-09,118,61153.83,5,2023-06-09 16:00,South,1031.0,-1
2023-06-09,118,61153.83,5,2023-06-09 16:00,West,589.2,3906
2023-06-09,118,61153.83,5,2023-06-09 16:00,South,899.41,-1
2023-06-10,170,80175.22,11,2023-06-10 16:00,West,4369.0,-1
2023-06-10,170,80175.22,11,2023-06-10 16:00,East,930.09,4585
2023-06-10,170,80175.22,11,2023-06-10 16:00,West,0.0,-1
2023-06-10,170,80175.22,11,2023-06-10 16:00,East,2650.0,2287
2023-06-10,170,80175.22,11,2023-06-10 16:00,South,427.59,559
2023-06-10,170,80175.22,11,2023-06-10 16:00,East,0.0,-1
2023-06-10,170,80175.22,11,2023-06-10 16:00,East,687.24,-1
2023-06-10,170,80175.22,11,2023-06-10 16:00,North,595.27,2096
2023-06-10,170,80175.22,11,2023-06-10 16:00,North,742.93,2767
2023-06-10,170,80175.22,11,2023-06-10 16:00,South,484.1,2547
2023-06-10,170,80175.22,11,2023-06-10 16:00,North,459.44,3838
2023-06-11,327,76432.82,5,2023-06-11 16:00,North,689.45,2439
2023-06-11,327,76432.82,5,2023-06-11 16:00,North,656.33,-1
2023-06-11,327,76432.82,5,2023-06-11 16:00,East,2352.0,-1
2023-06-11,327,76432.82,5,2023-06-11 16:00,West,731.47,1646
2023-06-11,327,76432.82,5,2023-06-11 16:00,West,754.78,1300
2023-06-11,327,76432.82,5,2023-06-11 16:00,East,67.45,2090
2023-06-11,327,76432.82,5,2023-06-11 16:00,East,452.3,20
2023-06-11,327,76432.82,5,2023-06-11 16:00,South,755.54,184
2023-06-11,327,76432.82,5,2023-06-11 16:00,South,608.06,321
2023-06-11,327,76432.82,5,2023-06-11 16:00,North,825.33,4243
2023-06-11,327,76432.82,5,2023-06-11 16:00,South,914.51,4235
2023-06-11,327,76432.82,5,2023-06-11 16:00,West,61.24,1687
2023-06-11,327,76432.82,5,2023-06-11 16:00,North,3652.0,-1
2023-06-11,327,76432.82,5,2023-06-11 16:00,South,0.0,-1
2023-06-12,219,55803.75,3,2023-06-12 16:00,North,851.0,-1
2023-06-12,219,55803.75,3,2023-06-12 16:00,South,462.78,4120
2023-06-12,219,55803.75,3,2023-06-12 16:00,South,843.34,903
2023-06-12,219,55803.75,3,2023-06-12 16:00,South,937.0,-1
2023-06-12,219,55803.75,3,2023-06-12 16:00,East,834.46,1131
2023-06-12,219,55803.75,3,2023-06-12 16:00,West,10.13,3731
2023-06-12,219,55803.75,3,2023-06-12 16:00,West,0.0,-1
2023-06-12,219,55803.75,3,2023-06-12 16:00,South,3388.0,-1
2023-06-12,219,55803.75,3,2023-06-12 16:00,South,927.19,942
2023-06-12,219,55803.75,3,2023-06-12 16:00,East,34.42,3831
2023-06-12,219,55803.75,3,2023-06-12 16:00,East,78.56,-1
2023-06-12,219,55803.75,3,2023-06-12 16:00,East,988.73,3549
2023-06-12,219,55803.75,3,2023-06-12 16:00,North,52.9,3798
2023-06-13,256,89165.0,7,2023-06-13 16:00,North,407.49,4527
2023-06-13,256,89165.0,7,2023-06-13 16:00,East,652.22,4903
2023-06-13,256,89165.0,7,2023-06-13 16:00,East,458.34,3532
2023-06-13,256,89165.0,7,2023-06-13 16:00,West,4411.0,-1
2023-06-13,256,89165.0,7,2023-06-13 16:00,West,2392.0,-1
2023-06-13,256,89165.0,7,2023-06-13 16:00,East,3027.0,-1
2023-06-13,256,89165.0,7,2023-06-13 16:00,North,966.41,1871
2023-06-13,256,89165.0,7,2023-06-13 16:00,East,4223.0,-1
2023-06-13,256,89165.0,7,2023-06-13 16:00,East,52.06,707
2023-06-13,256,89165.0,7,2023-06-13 16:00,South,42.0,-1
2023-06-13,256,89165.0,7,2023-06-13 16:00,South,4206.0,-1
2023-06-13,256,89165.0,7,2023-06-13 16:00,South,275.67,3130
2023-06-13,256,89165.0,7,2023-06-13 16:00,North,576.0,-1
2023-06-14,162,35310.77,12,2023-06-14 16:00,West,2487.0,-1
2023-06-14,162,35310.77,12,2023-06-14 16:00,North,139.67,1701
2023-06-14,162,35310.77,12,2023-06-14 16:00,West,1865.0,-1
2023-06-14,162,35310.77,12,2023-06-14 16:00,South,3818.0,598
2023-06-14,162,35310.77,12,2023-06-14 16:00,West,884.0,137
2023-06-14,162,35310.77,12,2023-06-14 16:00,South,2504.0,-1
2023-06-14,162,35310.77,12,2023-06-14 16:00,South,829.0,-1
2023-06-14,162,35310.77,12,2023-06-14 16:00,East,818.14,1463
2023-06-14,162,35310.77,12,2023-06-14 16:00,South,884.31,-1
2023-06-15,205,80030.41,8,2023-06-15 16:00,North,28.74,861
2023-06-15,205,80030.41,8,2023-06-15 16:00,East,490.98,2779
2023-06-15,205,80030.41,8,2023-06-15 16:00,West,488.4,4532
2023-06-15,205,80030.41,8,2023-06-15 16:00,South,345.55,917
2023-06-15,205,80030.41,8,2023-06-15 16:00,West,2701.0,-1
2023-06-15,205,80030.41,8,2023-06-15 16:00,East,80.55,3089
2023-06-15,205,80030.41,8,2023-06-15 16:00,West,4119.0,-1
2023-06-15,205,80030.41,8,2023-06-15 16:00,West,53.81,406
2023-06-15,205,80030.41,8,2023-06-15 16:00,East,246.3,3320
2023-06-15,205,80030.41,8,2023-06-15 16:00,South,839.78,2980
2023-06-15,205,80030.41,8,2023-06-15 16:00,South,943.47,652
2023-06-15,205,80030.41,8,2023-06-15 16:00,South,693.02,2462
2023-06-15,205,80030.41,8,2023-06-15 16:00,West,870.15,4227
2023-06-16,418,37341.22,13,2023-06-16 16:00,East,534.94,127
2023-06-16,418,37341.22,13,2023-06-16 16:00,North,0.0,-1
2023-06-16,418,37341.22,13,2023-06-16 16:00,West,764.91,3003
2023-06-16,418,37341.22,13,2023-06-16 16:00,North,966.28,-1
2023-06-16,418,37341.22,13,2023-06-16 16:00,South,1737.0,711
2023-06-16,418,37341.22,13,2023-06-16 16:00,East,456.12,2350
2023-06-16,418,37341.22,13,2023-06-16 16:00,South,4005.0,-1
2023-06-16,418,37341.22,13,2023-06-16 16:00,North,2166.0,-1
2023-06-16,418,37341.22,13,2023-06-16 16:00,North,556.87,890
2023-06-16,418,37341.22,13,2023-06-16 16:00,South,716.0,54
2023-06-16,418,37341.22,13,2023-06-16 16:00,West,496.99,69
2023-06-17,134,73719.01,3,2023-06-17 16:00,South,542.06,2610
2023-06-17,134,73719.01,3,2023-06-17 16:00,North,596.0,-1
2023-06-17,134,73719.01,3,2023-06-17 16:00,West,815.71,358
2023-06-17,134,73719.01,3,2023-06-17 16:00,North,537.63,591
2023-06-17,134,73719.01,3,2023-06-17 16:00,North,159.92,1241
2023-06-17,134,73719.01,3,2023-06-17 16:00,West,489.71,2374
2023-06-17,134,73719.01,3,2023-06-17 16:00,North,423.06,-1
2023-06-17,134,73719.01,3,2023-06-17 16:00,East,293.94,3506
2023-06-17,134,73719.01,3,2023-06-17 16:00,East,4501.0,-1
2023-06-17,134,73719.01,3,2023-06-17 16:00,North,946.7,926
2023-06-17,134,73719.01,3,2023-06-17 16:00,East,104.68,294
2023-06-17,134,73719.01,3,2023-06-17 16:00,South,526.37,3724
2023-06-17,134,73719.01,3,2023-06-17 16:00,North,299.41,-1
2023-06-18,469,88259.76,13,2023-06-18 16:00,North,782.08,4338
2023-06-18,469,88259.76,13,2023-06-18 16:00,North,0.0,-1
2023-06-18,469,88259.76,13,2023-06-18 16:00,North,523.49,-1
2023-06-18,469,88259.76,13,2023-06-18 16:00,North,247.85,1148
2023-06-18,469,88259.76,13,2023-06-18 16:00,South,745.09,707
2023-06-18,469,88259.76,13,2023-06-18 16:00,North,457.3,-1
2023-06-18,469,88259.76,13,2023-06-18 16:00,East,984.99,3886
2023-06-18,469,88259.76,13,2023-06-18 16:00,South,903.56,1977
2023-06-18,469,88259.76,13,2023-06-18 16:00,South,4183.0,1220
2023-06-18,469,88259.76,13,2023-06-18 16:00,West,698.86,1329
2023-06-18,469,88259.76,13,2023-06-18 16:00,North,754.29,2635
2023-06-19,405,83266.28,8,2023-06-19 16:00,South,802.29,3965
2023-06-19,405,83266.28,8,2023-06-19 16:00,East,688.51,2212
2023-06-19,405,83266.28,8,2023-06-19 16:00,South,466.32,-1
2023-06-19,405,83266.28,8,2023-06-19 16:00,West,0.0,-1
2023-06-19,405,83266.28,8,2023-06-19 16:00,South,759.99,2514
2023-06-19,405,83266.28,8,2023-06-19 16:00,East,761.0,-1
2023-06-19,405,83266.28,8,2023-06-19 16:00,North,0.0,-1
2023-06-19,405,83266.28,8,2023-06-19 16:00,South,175.49,-1
2023-06-19,405,83266.28,8,2023-06-19 16:00,North,1161.0,-1
2023-06-19,405,83266.28,8,2023-06-19 16:00,West,334.0,-1
2023-06-19,405,83266.28,8,2023-06-19 16:00,South,0.0,-1
2023-06-19,405,83266.28,8,2023-06-19 16:00,North,445.07,2036
2023-06-19,405,83266.28,8,2023-06-19 16:00,East,463.55,3105
2023-06-19,405,83266.28,8,2023-06-19 16:00,West,257.07,1921
2023-06-19,405,83266.28,8,2023-06-19 16:00,North,922.23,228
2023-06-20,197,61980.23,7,2023-06-20 16:00,South,899.67,3205
2023-06-20,197,61980.23,7,2023-06-20 16:00,West,0.0,-1
2023-06-20,197,61980.23,7,2023-06-20 16:00,East,335.0,-1
2023-06-20,197,61980.23,7,2023-06-20 16:00,West,930.45,1477
2023-06-20,197,61980.23,7,2023-06-20 16:00,West,757.99,1232
2023-06-20,197,61980.23,7,2023-06-20 16:00,South,2084.0,-1
2023-06-20,197,61980.23,7,2023-06-20 16:00,North,184.0,435
2023-06-20,197,61980.23,7,2023-06-20 16:00,North,1146.0,696
2023-06-20,197,61980.23,7,2023-06-20 16:00,South,491.85,4666
2023-06-20,197,61980.23,7,2023-06-20 16:00,North,199.69,3592
2023-06-20,197,61980.23,7,2023-06-20 16:00,West,994.0,-1
2023-06-20,197,61980.23,7,2023-06-20 16:00,South,3022.0,-1
2023-06-20,197,61980.23,7,2023-06-20 16:00,West,306.0,-1
2023-06-21,250,41100.58,2,2023-06-21 16:00,North,978.14,3661
2023-06-21,250,41100.58,2,2023-06-21 16:00,West,1964.0,-1
2023-06-21,250,41100.58,2,2023-06-21 16:00,North,816.46,-1
2023-06-21,250,41100.58,2,2023-06-21 16:00,East,525.4,3845
2023-06-21,250,41100.58,2,2023-06-21 16:00,West,4938.0,-1
2023-06-21,250,41100.58,2,2023-06-21 16:00,North,813.36,2457
2023-06-21,250,41100.58,2,2023-06-21 16:00,West,907.55,2424
2023-06-21,250,41100.58,2,2023-06-21 16:00,South,0.0,-1
2023-06-21,250,41100.58,2,2023-06-21 16:00,South,297.9,-1
2023-06-21,250,41100.58,2,2023-06-21 16:00,North,443.16,3227
2023-06-21,250,41100.58,2,2023-06-21 16:00,South,141.69,-1
2023-06-21,250,41100.58,2,2023-06-21 16:00,North,326.55,3350
2023-06-21,250,41100.58,2,2023-06-21 16:00,East,753.7,-1
2023-06-21,250,41100.58,2,2023-06-21 16:00,West,903.34,-1
2023-06-22,416,29874.64,11,2023-06-22 16:00,East,92.18,-1
2023-06-22,416,29874.64,11,2023-06-22 16:00,West,2327.0,-1
2023-06-22,416,29874.64,11,2023-06-22 16:00,West,1727.0,76
2023-06-22,416,29874.64,11,2023-06-22 16:00,North,249.94,3857
2023-06-22,416,29874.64,11,2023-06-22 16:00,North,714.78,4367
2023-06-22,416,29874.64,11,2023-06-22 16:00,East,175.35,4867
2023-06-22,416,29874.64,11,2023-06-22 16:00,East,508.92,-1
2023-06-22,416,29874.64,11,2023-06-22 16:00,West,997.0,4106
2023-06-22,416,29874.64,11,2023-06-22 16:00,South,187.8,4827
2023-06-22,416,29874.64,11,2023-06-22 16:00,North,441.31,3797
2023-06-22,416,29874.64,11,2023-06-22 16:00,South,2941.0,-1
2023-06-22,416,29874.64,11,2023-06-22 16:00,West,1352.0,-1
2023-06-22,416,29874.64,11,2023-06-22 16:00,East,607.42,-1
2023-06-23,430,53883.13,9,2023-06-23 16:00,North,850.02,4239
2023-06-23,430,53883.13,9,2023-06-23 16:00,East,3683.0,-1
2023-06-23,430,53883.13,9,2023-06-23 16:00,South,729.98,1416
2023-06-23,430,53883.13,9,2023-06-23 16:00,South,369.14,1111
2023-06-23,430,53883.13,9,2023-06-23 16:00,West,285.3,2604
2023-06-23,430,53883.13,9,2023-06-23 16:00,West,998.19,2598
2023-06-23,430,53883.13,9,2023-06-23 16:00,East,445.88,3194
2023-06-23,430,53883.13,9,2023-06-23 16:00,East,215.03,2176
2023-06-23,430,53883.13,9,2023-06-23 16:00,East,583.34,2764
2023-06-23,430,53883.13,9,2023-06-23 16:00,West,100.34,3256
2023-06-23,430,53883.13,9,2023-06-23 16:00,East,0.0,-1
2023-06-23,430,53883.13,9,2023-06-23 16:00,West,0.0,-1
2023-06-24,483,75958.39,11,2023-06-24 16:00,South,629.81,3922
2023-06-24,483,75958.39,11,2023-06-24 16:00,West,211.25,2886
2023-06-24,483,75958.39,11,2023-06-24 16:00,East,359.32,4045
2023-06-24,483,75958.39,11,2023-06-24 16:00,South,4885.0,-1
2023-06-24,483,75958.39,11,2023-06-24 16:00,North,641.14,-1
2023-06-24,483,75958.39,11,2023-06-24 16:00,West,202.17,-1
2023-06-24,483,75958.39,11,2023-06-24 16:00,South,879.4,-1
2023-06-24,483,75958.39,11,2023-06-24 16:00,North,747.94,4347
2023-06-24,483,75958.39,11,2023-06-24 16:00,East,3868.0,-1
2023-06-24,483,75958.39,11,2023-06-24 16:00,West,3757.0,-1
2023-06-24,483,75958.39,11,2023-06-24 16:00,East,66.4,3428
2023-06-24,483,75958.39,11,2023-06-24 16:00,West,0.0,-1
2023-06-24,483,75958.39,11,2023-06-24 16:00,West,159.34,611
2023-06-24,483,75958.39,11,2023-06-24 16:00,South,274.92,2539
2023-06-25,400,71666.22,1,2023-06-25 16:00,South,661.13,-1
2023-06-25,400,71666.22,1,2023-06-25 16:00,South,235.5,243
2023-06-25,400,71666.22,1,2023-06-25 16:00,South,86.21,1110
2023-06-25,400,71666.22,1,2023-06-25 16:00,North,935.95,883
2023-06-25,400,71666.22,1,2023-06-25 16:00,East,537.11,-1
2023-06-25,400,71666.22,1,2023-06-25 16:00,North,508.4,68
2023-06-25,400,71666.22,1,2023-06-25 16:00,North,0.0,-1
2023-06-25,400,71666.22,1,2023-06-25 16:00,East,238.23,-1
2023-06-25,400,71666.22,1,2023-06-25 16:00,West,836.62,1814
2023-06-25,400,71666.22,1,2023-06-25 16:00,North,706.87,3741
2023-06-25,400,71666.22,1,2023-06-25 16:00,East,449.12,-1
2023-06-25,400,71666.22,1,2023-06-25 16:00,East,30.41,4609
2023-06-25,400,71666.22,1,2023-06-25 16:00,North,530.42,-1
2023-06-26,69,39068.22,12,2023-06-26 16:00,West,3481.0,2257
2023-06-26,69,39068.22,12,2023-06-26 16:00,North,36.99,4480
2023-06-26,69,39068.22,12,2023-06-26 16:00,South,2923.0,-1
2023-06-26,69,39068.22,12,2023-06-26 16:00,East,237.06,1283
2023-06-26,69,39068.22,12,2023-06-26 16:00,East,364.23,-1
2023-06-26,69,39068.22,12,2023-06-26 16:00,East,552.12,701
2023-06-26,69,39068.22,12,2023-06-26 16:00,South,380.78,4871
2023-06-26,69,39068.22,12,2023-06-26 16:00,East,0.0,-1
2023-06-26,69,39068.22,12,2023-06-26 16:00,South,998.86,2584
2023-06-26,69,39068.22,12,2023-06-26 16:00,South,0.0,-1
2023-06-26,69,39068.22,12,2023-06-26 16:00,West,82.93,4335
2023-06-27,76,35872.54,4,2023-06-27 16:00,West,0.0,-1
2023-06-27,76,35872.54,4,2023-06-27 16:00,East,644.01,2503
2023-06-27,76,35872.54,4,2023-06-27 16:00,West,755.78,184
2023-06-27,76,35872.54,4,2023-06-27 16:00,West,599.84,2872
2023-06-27,76,35872.54,4,2023-06-27 16:00,East,811.86,-1
2023-06-27,76,35872.54,4,2023-06-27 16:00,South,1124.0,-1
2023-06-27,76,35872.54,4,2023-06-27 16:00,North,778.98,3198
2023-06-27,76,35872.54,4,2023-06-27 16:00,West,463.25,4779
2023-06-27,76,35872.54,4,2023-06-27 16:00,South,508.05,387
2023-06-27,76,35872.54,4,2023-06-27 16:00,East,328.6,2011
2023-06-27,76,35872.54,4,2023-06-27 16:00,West,341.95,2644
2023-06-27,76,35872.54,4,2023-06-27 16:00,South,4535.0,-1
2023-06-27,76,35872.54,4,2023-06-27 16:00,East,890.87,2180
2023-06-27,76,35872.54,4,2023-06-27 16:00,East,892.71,-1
2023-06-27,76,35872.54,4,2023-06-27 16:00,West,0.0,-1
2023-06-28,270,31646.37,9,2023-06-28 16:00,South,0.0,-1
2023-06-28,270,31646.37,9,2023-06-28 16:00,West,4217.0,-1
2023-06-28,270,31646.37,9,2023-06-28 16:00,West,254.56,-1
2023-06-28,270,31646.37,9,2023-06-28 16:00,North,368.33,3040
2023-06-28,270,31646.37,9,2023-06-28 16:00,South,938.66,3010
2023-06-28,270,31646.37,9,2023-06-28 16:00,South,980.72,2800
2023-06-28,270,31646.37,9,2023-06-28 16:00,North,936.07,2421
2023-06-28,270,31646.37,9,2023-06-28 16:00,West,420.25,179
2023-06-28,270,31646.37,9,2023-06-28 16:00,South,109.3,279
2023-06-28,270,31646.37,9,2023-06-28 16:00,North,124.58,547
2023-06-28,270,31646.37,9,2023-06-28 16:00,East,302.42,4073
2023-06-29,228,46509.93,1,2023-06-29 16:00,North,213.32,-1
2023-06-29,228,46509.93,1,2023-06-29 16:00,North,2070.0,53
2023-06-29,228,46509.93,1,2023-06-29 16:00,East,34.07,1719
2023-06-29,228,46509.93,1,2023-06-29 16:00,South,31.69,-1
2023-06-29,228,46509.93,1,2023-06-29 16:00,East,272.52,3670
2023-06-29,228,46509.93,1,2023-06-29 16:00,North,549.17,3422
2023-06-29,228,46509.93,1,2023-06-29 16:00,North,607.81,120
2023-06-29,228,46509.93,1,2023-06-29 16:00,North,399.37,-1
2023-06-29,228,46509.93,1,2023-06-29 16:00,East,1135.0,-1
2023-06-29,228,46509.93,1,2023-06-29 16:00,East,356.16,505
2023-06-29,228,46509.93,1,2023-06-29 16:00,North,856.0,-1
2023-06-29,228,46509.93,1,2023-06-29 16:00,West,3268.0,-1
2023-06-30,497,51181.34,7,2023-06-30 16:00,North,0.0,-1
2023-06-30,497,51181.34,7,2023-06-30 16:00,East,3402.0,-1
2023-06-30,497,51181.34,7,2023-06-30 16:00,West,943.98,-1
2023-06-30,497,51181.34,7,2023-06-30 16:00,East,43.21,-1
2023-06-30,497,51181.34,7,2023-06-30 16:00,West,3492.0,-1
2023-06-30,497,51181.34,7,2023-06-30 16:00,East,473.09,1661
2023-06-30,497,51181.34,7,2023-06-30 16:00,South,678.97,24
2023-06-30,497,51181.34,7,2023-06-30 16:00,North,563.8,-1
2023-06-30,497,51181.34,7,2023-06-30 16:00,East,150.47,-1
2023-06-30,497,51181.34,7,2023-06-30 16:00,North,0.0,-1
2023-06-30,497,51181.34,7,2023-06-30 16:00,West,0.0,-1
2023-06-30,497,51181.34,7,2023-06-30 16:00,South,709.65,2208
2023-06-30,497,51181.34,7,2023-06-30 16:00,West,752.02,3364
2023-06-30,497,51181.34,7,2023-06-30 16:00,North,732.0,-1
2023-06-30,497,51181.34,7,2023-06-30 16:00,West,9.56,1765
2023-07-01,470,25400.22,5,2023-07-01 16:00,East,266.34,4446
2023-07-01,470,25400.22,5,2023-07-01 16:00,North,1155.0,601
2023-07-01,470,25400.22,5,2023-07-01 16:00,West,361.86,1695
2023-07-01,470,25400.22,5,2023-07-01 16:00,North,104.84,723
2023-07-01,470,25400.22,5,2023-07-01 16:00,West,142.89,4232
2023-07-01,470,25400.22,5,2023-07-01 16:00,East,524.33,179
2023-07-01,470,25400.22,5,2023-07-01 16:00,West,155.98,108
2023-07-01,470,25400.22,5,2023-07-01 16:00,West,519.06,-1
2023-07-01,470,25400.22,5,2023-07-01 16:00,North,436.67,-1
2023-07-01,470,25400.22,5,2023-07-01 16:00,South,751.07,4357
2023-07-01,470,25400.22,5,2023-07-01 16:00,East,807.5,1825
2023-07-01,470,25400.22,5,2023-07-01 16:00,North,886.29,2372
2023-07-01,470,25400.22,5,2023-07-01 16:00,South,415.06,4295
2023-07-02,458,29939.32,9,2023-07-02 16:00,West,217.87,2787
2023-07-02,458,29939.32,9,2023-07-02 16:00,South,121.88,4793
2023-07-02,458,29939.32,9,2023-07-02 16:00,South,815.93,-1
2023-07-02,458,29939.32,9,2023-07-02 16:00,East,1190.0,2477
2023-07-02,458,29939.32,9,2023-07-02 16:00,East,557.58,3053
2023-07-02,458,29939.32,9,2023-07-02 16:00,North,162.46,2017
2023-07-02,458,29939.32,9,2023-07-02 16:00,East,479.91,2748
2023-07-02,458,29939.32,9,2023-07-02 16:00,East,0.0,-1
2023-07-02,458,29939.32,9,2023-07-02 16:00,South,338.3,4473
2023-07-03,240,72595.61,8,2023-07-03 16:00,East,90.35,4289
2023-07-03,240,72595.61,8,2023-07-03 16:00,East,0.0,-1
2023-07-03,240,72595.61,8,2023-07-03 16:00,North,641.4,4454
2023-07-03,240,72595.61,8,2023-07-03 16:00,East,328.36,-1
2023-07-03,240,72595.61,8,2023-07-03 16:00,East,134.61,577
2023-07-03,240,72595.61,8,2023-07-03 16:00,North,634.13,-1
2023-07-03,240,72595.61,8,2023-07-03 16:00,West,286.85,2164
2023-07-03,240,72595.61,8,2023-07-03 16:00,North,883.72,1271
2023-07-03,240,72595.61,8,2023-07-03 16:00,South,1302.0,-1
2023-07-03,240,72595.61,8,2023-07-03 16:00,North,580.57,4671
2023-07-03,240,72595.61,8,2023-07-03 16:00,South,1836.0,-1
2023-07-03,240,72595.61,8,2023-07-03 16:00,West,574.56,3484
2023-07-03,240,72595.61,8,2023-07-03 16:00,North,800.78,970
2023-07-03,240,72595.61,8,2023-07-03 16:00,East,181.78,1947
2023-07-04,255,84322.06,3,2023-07-04 16:00,East,251.37,1440
2023-07-04,255,84322.06,3,2023-07-04 16:00,East,591.35,2549
2023-07-04,255,84322.06,3,2023-07-04 16:00,South,0.0,-1
2023-07-04,255,84322.06,3,2023-07-04 16:00,West,3618.0,-1
2023-07-04,255,84322.06,3,2023-07-04 16:00,South,451.81,25
2023-07-04,255,84322.06,3,2023-07-04 16:00,East,2033.0,-1
2023-07-04,255,84322.06,3,2023-07-04 16:00,East,222.5,4474
2023-07-04,255,84322.06,3,2023-07-04 16:00,East,940.0,-1
2023-07-04,255,84322.06,3,2023-07-04 16:00,North,3679.0,-1
2023-07-04,255,84322.06,3,2023-07-04 16:00,West,0.0,-1
2023-07-04,255,84322.06,3,2023-07-04 16:00,South,230.44,-1
2023-07-04,255,84322.06,3,2023-07-04 16:00,West,918.58,3841
2023-07-04,255,84322.06,3,2023-07-04 16:00,South,0.0,-1
2023-07-04,255,84322.06,3,2023-07-04 16:00,West,5.0,-1
2023-07-05,288,20825.27,11,2023-07-05 16:00,South,315.38,-1
2023-07-05,288,20825.27,11,2023-07-05 16:00,East,0.0,-1
2023-07-05,288,20825.27,11,2023-07-05 16:00,West,827.54,-1
2023-07-05,288,20825.27,11,2023-07-05 16:00,East,3600.0,2148
2023-07-05,288,20825.27,11,2023-07-05 16:00,North,0.0,-1
2023-07-05,288,20825.27,11,2023-07-05 16:00,South,825.68,4997
2023-07-05,288,20825.27,11,2023-07-05 16:00,East,2260.0,-1
2023-07-05,288,20825.27,11,2023-07-05 16:00,North,579.57,1225
2023-07-05,288,20825.27,11,2023-07-05 16:00,North,878.02,1679
2023-07-05,288,20825.27,11,2023-07-05 16:00,South,325.42,164
2023-07-05,288,20825.27,11,2023-07-05 16:00,East,2933.0,-1
2023-07-06,130,43875.28,8,2023-07-06 16:00,South,0.0,-1
2023-07-06,130,43875.28,8,2023-07-06 16:00,South,308.69,1431
2023-07-06,130,43875.28,8,2023-07-06 16:00,South,2851.0,-1
2023-07-06,130,43875.28,8,2023-07-06 16:00,East,537.16,3190
2023-07-06,130,43875.28,8,2023-07-06 16:00,East,190.41,2388
2023-07-06,130,43875.28,8,2023-07-06 16:00,East,150.46,794
2023-07-06,130,43875.28,8,2023-07-06 16:00,East,1838.0,191
2023-07-06,130,43875.28,8,2023-07-06 16:00,West,942.21,2915
2023-07-06,130,43875.28,8,2023-07-06 16:00,East,2944.0,-1
2023-07-06,130,43875.28,8,2023-07-06 16:00,East,325.36,4058
2023-07-06,130,43875.28,8,2023-07-06 16:00,West,779.77,2177
2023-07-06,130,43875.28,8,2023-07-06 16:00,North,2337.0,-1
2023-07-06,130,43875.28,8,2023-07-06 16:00,West,3265.0,-1
2023-07-07,187,64121.7,12,2023-07-07 16:00,North,431.21,1402
2023-07-07,187,64121.7,12,2023-07-07 16:00,West,870.85,1810
2023-07-07,187,64121.7,12,2023-07-07 16:00,South,611.25,1442
2023-07-07,187,64121.7,12,2023-07-07 16:00,South,416.85,3684
2023-07-07,187,64121.7,12,2023-07-07 16:00,East,98.04,-1
2023-07-07,187,64121.7,12,2023-07-07 16:00,South,835.9,2081
2023-07-07,187,64121.7,12,2023-07-07 16:00,South,0.0,-1
2023-07-07,187,64121.7,12,2023-07-07 16:00,East,4977.0,407
2023-07-07,187,64121.7,12,2023-07-07 16:00,South,3827.0,-1
2023-07-07,187,64121.7,12,2023-07-07 16:00,North,484.78,-1
2023-07-07,187,64121.7,12,2023-07-07 16:00,West,420.16,1388
2023-07-07,187,64121.7,12,2023-07-07 16:00,East,911.74,-1
2023-07-08,287,79016.27,1,2023-07-08 16:00,South,838.11,289
2023-07-08,287,79016.27,1,2023-07-08 16:00,North,4414.0,-1
2023-07-08,287,79016.27,1,2023-07-08 16:00,South,1232.0,-1
2023-07-08,287,79016.27,1,2023-07-08 16:00,West,4736.0,-1
2023-07-08,287,79016.27,1,2023-07-08 16:00,West,3640.0,-1
2023-07-08,287,79016.27,1,2023-07-08 16:00,East,701.87,1078
2023-07-08,287,79016.27,1,2023-07-08 16:00,East,661.84,3076
2023-07-08,287,79016.27,1,2023-07-08 16:00,West,446.0,-1
2023-07-08,287,79016.27,1,2023-07-08 16:00,South,1961.0,-1
2023-07-08,287,79016.27,1,2023-07-08 16:00,East,451.38,1991
2023-07-08,287,79016.27,1,2023-07-08 16:00,East,278.29,3132
2023-07-08,287,79016.27,1,2023-07-08 16:00,West,785.81,2171
2023-07-08,287,79016.27,1,2023-07-08 16:00,South,806.38,4509
2023-07-09,327,89585.41,6,2023-07-09 16:00,West,881.52,2635
2023-07-09,327,89585.41,6,2023-07-09 16:00,South,827.22,2540
2023-07-09,327,89585.41,6,2023-07-09 16:00,East,656.23,-1
2023-07-09,327,89585.41,6,2023-07-09 16:00,West,235.06,2561
2023-07-09,327,89585.41,6,2023-07-09 16:00,South,415.44,-1
2023-07-09,327,89585.41,6,2023-07-09 16:00,East,4248.0,-1
2023-07-09,327,89585.41,6,2023-07-09 16:00,East,273.88,-1
2023-07-09,327,89585.41,6,2023-07-09 16:00,West,272.81,-1
2023-07-09,327,89585.41,6,2023-07-09 16:00,West,4980.0,-1
2023-07-09,327,89585.41,6,2023-07-09 16:00,West,1738.0,710
2023-07-09,327,89585.41,6,2023-07-09 16:00,North,397.13,4937
2023-07-09,327,89585.41,6,2023-07-09 16:00,West,608.62,2920
2023-07-10,251,70860.23,13,2023-07-10 16:00,West,462.18,-1
2023-07-10,251,70860.23,13,2023-07-10 16:00,West,4870.0,-1
2023-07-10,251,70860.23,13,2023-07-10 16:00,East,4369.0,-1
2023-07-10,251,70860.23,13,2023-07-10 16:00,West,699.54,2310
2023-07-10,251,70860.23,13,2023-07-10 16:00,West,311.39,1989
2023-07-10,251,70860.23,13,2023-07-10 16:00,East,3200.0,-1
2023-07-10,251,70860.23,13,2023-07-10 16:00,North,683.2,4498
2023-07-10,251,70860.23,13,2023-07-10 16:00,South,147.87,2234
2023-07-10,251,70860.23,13,2023-07-10 16:00,North,2487.0,-1
2023-07-10,251,70860.23,13,2023-07-10 16:00,South,487.76,2977
2023-07-10,251,70860.23,13,2023-07-10 16:00,North,699.59,2308
2023-07-10,251,70860.23,13,2023-07-10 16:00,West,37.31,189
2023-07-11,333,53496.91,12,2023-07-11 16:00,South,847.59,2263
2023-07-11,333,53496.91,12,2023-07-11 16:00,East,335.79,2604
2023-07-11,333,53496.91,12,2023-07-11 16:00,West,823.24,4614
2023-07-11,333,53496.91,12,2023-07-11 16:00,East,771.36,-1
2023-07-11,333,53496.91,12,2023-07-11 16:00,South,720.88,222
2023-07-11,333,53496.91,12,2023-07-11 16:00,North,687.98,861
2023-07-11,333,53496.91,12,2023-07-11 16:00,North,1115.0,938
2023-07-11,333,53496.91,12,2023-07-11 16:00,South,65.08,512
2023-07-11,333,53496.91,12,2023-07-11 16:00,East,847.09,1679
2023-07-11,333,53496.91,12,2023-07-11 16:00,North,763.12,-1
2023-07-11,333,53496.91,12,2023-07-11 16:00,South,160.8,46
2023-07-11,333,53496.91,12,2023-07-11 16:00,East,249.0,1580
2023-07-11,333,53496.91,12,2023-07-11 16:00,North,907.31,66
2023-07-11,333,53496.91,12,2023-07-11 16:00,South,872.63,-1
2023-07-12,478,70188.93,7,2023-07-12 16:00,East,89.8,4660
2023-07-12,478,70188.93,7,2023-07-12 16:00,West,2926.0,493
2023-07-12,478,70188.93,7,2023-07-12 16:00,East,391.24,2274
2023-07-12,478,70188.93,7,2023-07-12 16:00,West,846.52,-1
2023-07-12,478,70188.93,7,2023-07-12 16:00,South,687.32,1242
2023-07-12,478,70188.93,7,2023-07-12 16:00,South,205.51,-1
2023-07-12,478,70188.93,7,2023-07-12 16:00,North,780.29,4633
2023-07-12,478,70188.93,7,2023-07-12 16:00,West,23.41,2853
2023-07-12,478,70188.93,7,2023-07-12 16:00,North,350.92,1240
2023-07-12,478,70188.93,7,2023-07-12 16:00,East,941.19,-1
2023-07-13,163,41334.21,13,2023-07-13 16:00,West,24.11,1225
2023-07-13,163,41334.21,13,2023-07-13 16:00,South,523.47,4240
2023-07-13,163,41334.21,13,2023-07-13 16:00,South,851.42,2092
2023-07-13,163,41334.21,13,2023-07-13 16:00,North,2777.0,-1
2023-07-13,163,41334.21,13,2023-07-13 16:00,North,974.0,-1
2023-07-13,163,41334.21,13,2023-07-13 16:00,East,2264.0,-1
2023-07-13,163,41334.21,13,2023-07-13 16:00,East,489.0,-1
2023-07-13,163,41334.21,13,2023-07-13 16:00,South,64.79,4373
2023-07-13,163,41334.21,13,2023-07-13 16:00,North,49.0,1466
2023-07-13,163,41334.21,13,2023-07-13 16:00,South,12.2,1312
2023-07-13,163,41334.21,13,2023-07-13 16:00,South,0.0,-1
2023-07-13,163,41334.21,13,2023-07-13 16:00,South,0.0,-1
2023-07-13,163,41334.21,13,2023-07-13 16:00,West,773.0,-1
2023-07-13,163,41334.21,13,2023-07-13 16:00,East,3975.0,-1
2023-07-14,284,60764.59,10,2023-07-14 16:00,North,2030.0,-1
2023-07-14,284,60764.59,10,2023-07-14 16:00,North,585.09,2845
2023-07-14,284,60764.59,10,2023-07-14 16:00,East,100.34,-1
2023-07-14,284,60764.59,10,2023-07-14 16:00,West,845.9,-1
2023-07-14,284,60764.59,10,2023-07-14 16:00,South,79.39,1188
2023-07-14,284,60764.59,10,2023-07-14 16:00,West,2416.0,135
2023-07-14,284,60764.59,10,2023-07-14 16:00,East,762.22,2330
2023-07-14,284,60764.59,10,2023-07-14 16:00,West,477.09,995
2023-07-14,284,60764.59,10,2023-07-14 16:00,East,61.82,1902
2023-07-14,284,60764.59,10,2023-07-14 16:00,South,228.43,214
2023-07-14,284,60764.59,10,2023-07-14 16:00,West,663.72,405
2023-07-15,353,50805.07,4,2023-07-15 16:00,South,614.98,2314
2023-07-15,353,50805.07,4,2023-07-15 16:00,North,147.0,-1
2023-07-15,353,50805.07,4,2023-07-15 16:00,North,395.71,-1
2023-07-15,353,50805.07,4,2023-07-15 16:00,North,4487.0,-1
2023-07-15,353,50805.07,4,2023-07-15 16:00,East,432.95,3336
2023-07-15,353,50805.07,4,2023-07-15 16:00,West,459.91,-1
2023-07-15,353,50805.07,4,2023-07-15 16:00,West,1560.0,-1
2023-07-15,353,50805.07,4,2023-07-15 16:00,North,0.0,-1
2023-07-15,353,50805.07,4,2023-07-15 16:00,West,461.67,-1
2023-07-15,353,50805.07,4,2023-07-15 16:00,South,1764.0,-1
2023-07-15,353,50805.07,4,2023-07-15 16:00,South,133.16,1563
2023-07-16,310,87855.04,10,2023-07-16 16:00,North,47.33,-1
2023-07-16,310,87855.04,10,2023-07-16 16:00,West,731.81,-1
2023-07-16,310,87855.04,10,2023-07-16 16:00,North,928.61,47
2023-07-16,310,87855.04,10,2023-07-16 16:00,South,59.67,1223
2023-07-16,310,87855.04,10,2023-07-16 16:00,North,458.49,-1
2023-07-16,310,87855.04,10,2023-07-16 16:00,South,889.69,762
2023-07-16,310,87855.04,10,2023-07-16 16:00,North,613.11,-1
2023-07-16,310,87855.04,10,2023-07-16 16:00,West,2637.0,-1
2023-07-16,310,87855.04,10,2023-07-16 16:00,East,757.95,3870
2023-07-16,310,87855.04,10,2023-07-16 16:00,South,210.27,866
2023-07-16,310,87855.04,10,2023-07-16 16:00,East,350.14,3055
2023-07-16,310,87855.04,10,2023-07-16 16:00,West,3978.0,-1
2023-07-17,135,71544.65,7,2023-07-17 16:00,West,360.8,-1
2023-07-17,135,71544.65,7,2023-07-17 16:00,South,0.0,-1
2023-07-17,135,71544.65,7,2023-07-17 16:00,East,919.39,1782
2023-07-17,135,71544.65,7,2023-07-17 16:00,South,107.63,3713
2023-07-17,135,71544.65,7,2023-07-17 16:00,East,272.22,1289
2023-07-17,135,71544.65,7,2023-07-17 16:00,West,532.87,2238
2023-07-17,135,71544.65,7,2023-07-17 16:00,South,182.83,3884
2023-07-17,135,71544.65,7,2023-07-17 16:00,South,1227.0,-1
2023-07-17,135,71544.65,7,2023-07-17 16:00,South,3367.0,-1
2023-07-17,135,71544.65,7,2023-07-17 16:00,West,3297.0,2
2023-07-17,135,71544.65,7,2023-07-17 16:00,West,240.92,1405
2023-07-18,184,25306.53,7,2023-07-18 16:00,West,548.0,-1
2023-07-18,184,25306.53,7,2023-07-18 16:00,East,0.0,-1
2023-07-18,184,25306.53,7,2023-07-18 16:00,South,3145.0,-1
2023-07-18,184,25306.53,7,2023-07-18 16:00,North,4223.0,-1
2023-07-18,184,25306.53,7,2023-07-18 16:00,South,1424.0,231
2023-07-18,184,25306.53,7,2023-07-18 16:00,South,789.28,1627
2023-07-18,184,25306.53,7,2023-07-18 16:00,South,437.42,-1
2023-07-18,184,25306.53,7,2023-07-18 16:00,West,859.48,3025
2023-07-18,184,25306.53,7,2023-07-18 16:00,West,3772.0,-1
2023-07-18,184,25306.53,7,2023-07-18 16:00,North,925.12,2856
2023-07-18,184,25306.53,7,2023-07-18 16:00,East,430.0,3745
2023-07-18,184,25306.53,7,2023-07-18 16:00,South,957.94,949
2023-07-19,201,87800.8,5,2023-07-19 16:00,East,40.53,1406
2023-07-19,201,87800.8,5,2023-07-19 16:00,West,1152.0,-1
2023-07-19,201,87800.8,5,2023-07-19 16:00,West,931.3,-1
2023-07-19,201,87800.8,5,2023-07-19 16:00,South,236.4,3177
2023-07-19,201,87800.8,5,2023-07-19 16:00,South,258.79,3713
2023-07-19,201,87800.8,5,2023-07-19 16:00,North,567.1,1895
2023-07-19,201,87800.8,5,2023-07-19 16:00,South,894.18,3467
2023-07-19,201,87800.8,5,2023-07-19 16:00,South,118.3,3336
2023-07-19,201,87800.8,5,2023-07-19 16:00,West,515.48,-1
2023-07-19,201,87800.8,5,2023-07-19 16:00,East,722.72,840
2023-07-19,201,87800.8,5,2023-07-19 16:00,East,254.18,128
2023-07-19,201,87800.8,5,2023-07-19 16:00,East,0.0,-1
2023-07-20,279,50891.26,8,2023-07-20 16:00,West,758.11,2399
2023-07-20,279,50891.26,8,2023-07-20 16:00,West,845.1,3165
2023-07-20,279,50891.26,8,2023-07-20 16:00,North,714.52,3752
2023-07-20,279,50891.26,8,2023-07-20 16:00,South,4950.0,-1
2023-07-20,279,50891.26,8,2023-07-20 16:00,North,3294.0,84
2023-07-20,279,50891.26,8,2023-07-20 16:00,West,104.24,3377
2023-07-20,279,50891.26,8,2023-07-20 16:00,North,591.73,3464
2023-07-20,279,50891.26,8,2023-07-20 16:00,East,849.99,3886
2023-07-20,279,50891.26,8,2023-07-20 16:00,East,0.0,-1
2023-07-21,51,56262.4,10,2023-07-21 16:00,South,286.93,2343
2023-07-21,51,56262.4,10,2023-07-21 16:00,North,767.73,4087
2023-07-21,51,56262.4,10,2023-07-21 16:00,East,1852.0,-1
2023-07-21,51,56262.4,10,2023-07-21 16:00,East,58.66,-1
2023-07-21,51,56262.4,10,2023-07-21 16:00,South,499.83,845
2023-07-21,51,56262.4,10,2023-07-21 16:00,North,962.32,1898
2023-07-21,51,56262.4,10,2023-07-21 16:00,East,386.38,609
2023-07-21,51,56262.4,10,2023-07-21 16:00,North,460.44,2951
2023-07-21,51,56262.4,10,2023-07-21 16:00,West,683.11,-1
2023-07-21,51,56262.4,10,2023-07-21 16:00,West,315.65,1928
2023-07-21,51,56262.4,10,2023-07-21 16:00,West,411.99,635
2023-07-21,51,56262.4,10,2023-07-21 16:00,West,4357.0,-1
2023-07-21,51,56262.4,10,2023-07-21 16:00,West,209.76,-1
2023-07-21,51,56262.4,10,2023-07-21 16:00,East,4703.0,-1
2023-07-22,206,89094.16,7,2023-07-22 16:00,South,683.44,3447
2023-07-22,206,89094.16,7,2023-07-22 16:00,East,3730.0,-1
2023-07-22,206,89094.16,7,2023-07-22 16:00,South,494.17,-1
2023-07-22,206,89094.16,7,2023-07-22 16:00,South,929.74,1139
2023-07-22,206,89094.16,7,2023-07-22 16:00,South,723.43,1333
2023-07-22,206,89094.16,7,2023-07-22 16:00,East,350.79,2230
2023-07-22,206,89094.16,7,2023-07-22 16:00,East,256.28,3987
2023-07-22,206,89094.16,7,2023-07-22 16:00,West,2474.0,-1
2023-07-22,206,89094.16,7,2023-07-22 16:00,South,638.0,-1
2023-07-22,206,89094.16,7,2023-07-22 16:00,South,744.18,-1
2023-07-22,206,89094.16,7,2023-07-22 16:00,East,928.26,2426
2023-07-22,206,89094.16,7,2023-07-22 16:00,East,399.39,4911
2023-07-23,253,79589.81,14,2023-07-23 16:00,North,391.21,-1
2023-07-23,253,79589.81,14,2023-07-23 16:00,South,766.62,-1
2023-07-23,253,79589.81,14,2023-07-23 16:00,West,912.34,3263
2023-07-23,253,79589.81,14,2023-07-23 16:00,East,308.73,2270
2023-07-23,253,79589.81,14,2023-07-23 16:00,East,319.61,4938
2023-07-23,253,79589.81,14,2023-07-23 16:00,North,4080.0,-1
2023-07-23,253,79589.81,14,2023-07-23 16:00,West,518.85,2618
2023-07-23,253,79589.81,14,2023-07-23 16:00,East,235.27,4559
2023-07-23,253,79589.81,14,2023-07-23 16:00,West,922.3,2006
2023-07-23,253,79589.81,14,2023-07-23 16:00,South,231.81,2676
2023-07-23,253,79589.81,14,2023-07-23 16:00,East,3735.0,-1
2023-07-23,253,79589.81,14,2023-07-23 16:00,South,561.95,2410
2023-07-24,128,51213.4,13,2023-07-24 16:00,East,279.93,3143
2023-07-24,128,51213.4,13,2023-07-24 16:00,North,569.07,-1
2023-07-24,128,51213.4,13,2023-07-24 16:00,West,496.44,-1
2023-07-24,128,51213.4,13,2023-07-24 16:00,North,44.62,3178
2023-07-24,128,51213.4,13,2023-07-24 16:00,North,4694.0,-1
2023-07-24,128,51213.4,13,2023-07-24 16:00,West,280.97,-1
2023-07-24,128,51213.4,13,2023-07-24 16:00,North,4593.0,-1
2023-07-24,128,51213.4,13,2023-07-24 16:00,East,375.69,3674
2023-07-24,128,51213.4,13,2023-07-24 16:00,North,2075.0,-1
2023-07-24,128,51213.4,13,2023-07-24 16:00,South,180.6,-1
2023-07-24,128,51213.4,13,2023-07-24 16:00,East,78.02,376
2023-07-24,128,51213.4,13,2023-07-24 16:00,West,441.33,4829
2023-07-24,128,51213.4,13,2023-07-24 16:00,West,651.87,4070
2023-07-24,128,51213.4,13,2023-07-24 16:00,West,346.8,4051
2023-07-24,128,51213.4,13,2023-07-24 16:00,West,322.76,60
2023-07-25,98,20780.11,6,2023-07-25 16:00,East,132.3,1818
2023-07-25,98,20780.11,6,2023-07-25 16:00,East,117.57,2430
2023-07-25,98,20780.11,6,2023-07-25 16:00,South,326.82,4068
2023-07-25,98,20780.11,6,2023-07-25 16:00,West,2065.0,-1
2023-07-25,98,20780.11,6,2023-07-25 16:00,South,2351.0,-1
2023-07-25,98,20780.11,6,2023-07-25 16:00,East,291.93,1997
2023-07-25,98,20780.11,6,2023-07-25 16:00,East,771.83,3762
2023-07-25,98,20780.11,6,2023-07-25 16:00,North,3424.0,-1
2023-07-25,98,20780.11,6,2023-07-25 16:00,West,451.6,2770
2023-07-25,98,20780.11,6,2023-07-25 16:00,West,3560.0,-1
2023-07-25,98,20780.11,6,2023-07-25 16:00,North,39.09,2877
2023-07-25,98,20780.11,6,2023-07-25 16:00,East,988.43,2832
2023-07-25,98,20780.11,6,2023-07-25 16:00,North,357.65,4442
2023-07-26,101,58400.39,12,2023-07-26 16:00,South,950.11,861
2023-07-26,101,58400.39,12,2023-07-26 16:00,South,3413.0,-1
2023-07-26,101,58400.39,12,2023-07-26 16:00,South,880.26,3953
2023-07-26,101,58400.39,12,2023-07-26 16:00,West,4613.0,-1
2023-07-26,101,58400.39,12,2023-07-26 16:00,North,0.0,-1
2023-07-26,101,58400.39,12,2023-07-26 16:00,West,938.71,1034
2023-07-26,101,58400.39,12,2023-07-26 16:00,North,480.0,-1
2023-07-26,101,58400.39,12,2023-07-26 16:00,North,105.75,3669
2023-07-26,101,58400.39,12,2023-07-26 16:00,East,984.87,685
2023-07-26,101,58400.39,12,2023-07-26 16:00,West,675.28,3015
2023-07-26,101,58400.39,12,2023-07-26 16:00,West,885.4,2825
2023-07-26,101,58400.39,12,2023-07-26 16:00,West,440.73,-1
2023-07-27,424,59888.47,11,2023-07-27 16:00,East,876.15,1250
2023-07-27,424,59888.47,11,2023-07-27 16:00,South,91.99,1860
2023-07-27,424,59888.47,11,2023-07-27 16:00,West,677.75,-1
2023-07-27,424,59888.47,11,2023-07-27 16:00,East,617.14,2336
2023-07-27,424,59888.47,11,2023-07-27 16:00,North,2161.0,851
2023-07-27,424,59888.47,11,2023-07-27 16:00,East,19.3,1319
2023-07-27,424,59888.47,11,2023-07-27 16:00,North,1799.0,-1
2023-07-27,424,59888.47,11,2023-07-27 16:00,South,522.1,229
2023-07-27,424,59888.47,11,2023-07-27 16:00,East,254.95,2034
2023-07-27,424,59888.47,11,2023-07-27 16:00,West,199.11,-1
2023-07-27,424,59888.47,11,2023-07-27 16:00,North,831.48,2473
2023-07-27,424,59888.47,11,2023-07-27 16:00,North,83.32,3555
2023-07-28,479,24874.18,11,2023-07-28 16:00,South,255.23,3273
2023-07-28,479,24874.18,11,2023-07-28 16:00,South,379.0,-1
2023-07-28,479,24874.18,11,2023-07-28 16:00,West,16.42,3944
2023-07-28,479,24874.18,11,2023-07-28 16:00,East,943.21,1591
2023-07-28,479,24874.18,11,2023-07-28 16:00,North,55.1,180
2023-07-28,479,24874.18,11,2023-07-28 16:00,South,1033.0,565
2023-07-28,479,24874.18,11,2023-07-28 16:00,East,1526.0,-1
2023-07-28,479,24874.18,11,2023-07-28 16:00,West,280.6,4174
2023-07-28,479,24874.18,11,2023-07-28 16:00,North,762.03,2933
2023-07-28,479,24874.18,11,2023-07-28 16:00,North,751.23,-1
2023-07-28,479,24874.18,11,2023-07-28 16:00,North,803.4,3239
2023-07-28,479,24874.18,11,2023-07-28 16:00,North,441.37,-1
2023-07-29,496,72317.91,10,2023-07-29 16:00,West,718.35,3411
2023-07-29,496,72317.91,10,2023-07-29 16:00,East,547.66,2796
2023-07-29,496,72317.91,10,2023-07-29 16:00,South,246.0,-1
2023-07-29,496,72317.91,10,2023-07-29 16:00,East,694.57,705
2023-07-29,496,72317.91,10,2023-07-29 16:00,North,824.31,3095
2023-07-29,496,72317.91,10,2023-07-29 16:00,South,2171.0,-1
2023-07-29,496,72317.91,10,2023-07-29 16:00,North,726.99,3910
2023-07-29,496,72317.91,10,2023-07-29 16:00,West,35.93,303
2023-07-29,496,72317.91,10,2023-07-29 16:00,South,518.58,-1
2023-07-29,496,72317.91,10,2023-07-29 16:00,East,567.1,1310
2023-07-29,496,72317.91,10,2023-07-29 16:00,North,0.0,-1
2023-07-29,496,72317.91,10,2023-07-29 16:00,West,411.48,131
2023-07-29,496,72317.91,10,2023-07-29 16:00,East,0.0,-1
2023-07-30,170,25357.15,8,2023-07-30 16:00,East,448.19,-1
2023-07-30,170,25357.15,8,2023-07-30 16:00,West,813.7,4839
2023-07-30,170,25357.15,8,2023-07-30 16:00,North,23.86,82
2023-07-30,170,25357.15,8,2023-07-30 16:00,East,443.52,3564
2023-07-30,170,25357.15,8,2023-07-30 16:00,East,592.72,853
2023-07-30,170,25357.15,8,2023-07-30 16:00,West,885.7,1193
2023-07-30,170,25357.15,8,2023-07-30 16:00,North,384.67,4247
2023-07-30,170,25357.15,8,2023-07-30 16:00,North,803.4,680
2023-07-30,170,25357.15,8,2023-07-30 16:00,South,567.65,3046
2023-07-30,170,25357.15,8,2023-07-30 16:00,North,474.11,2191
2023-07-30,170,25357.15,8,2023-07-30 16:00,East,686.65,4797
2023-07-30,170,25357.15,8,2023-07-30 16:00,North,394.86,2851
2023-07-31,296,58475.42,4,2023-07-31 16:00,North,825.29,-1
2023-07-31,296,58475.42,4,2023-07-31 16:00,South,1067.0,-1
2023-07-31,296,58475.42,4,2023-07-31 16:00,East,3283.0,-1
2023-07-31,296,58475.42,4,2023-07-31 16:00,North,655.75,-1
2023-07-31,296,58475.42,4,2023-07-31 16:00,North,642.68,2942
2023-07-31,296,58475.42,4,2023-07-31 16:00,West,32.64,1022
2023-07-31,296,58475.42,4,2023-07-31 16:00,North,363.05,2667
2023-07-31,296,58475.42,4,2023-07-31 16:00,South,0.0,-1
2023-07-31,296,58475.42,4,2023-07-31 16:00,West,671.42,2405
2023-07-31,296,58475.42,4,2023-07-31 16:00,West,701.02,1122
2023-07-31,296,58475.42,4,2023-07-31 16:00,West,917.15,239
2023-07-31,296,58475.42,4,2023-07-31 16:00,North,985.19,-1
2023-07-31,296,58475.42,4,2023-07-31 16:00,North,2737.0,-1
2023-08-01,356,21794.96,9,2023-08-01 16:00,South,183.85,-1
2023-08-01,356,21794.96,9,2023-08-01 16:00,South,51.74,499
2023-08-01,356,21794.96,9,2023-08-01 16:00,East,880.0,-1
2023-08-01,356,21794.96,9,2023-08-01 16:00,North,823.94,-1
2023-08-01,356,21794.96,9,2023-08-01 16:00,South,122.84,84
2023-08-01,356,21794.96,9,2023-08-01 16:00,North,4780.0,-1
2023-08-01,356,21794.96,9,2023-08-01 16:00,South,273.08,91
2023-08-01,356,21794.96,9,2023-08-01 16:00,West,892.85,3497
2023-08-01,356,21794.96,9,2023-08-01 16:00,South,881.77,4811
2023-08-01,356,21794.96,9,2023-08-01 16:00,West,3582.0,-1
2023-08-01,356,21794.96,9,2023-08-01 16:00,West,220.86,306
2023-08-01,356,21794.96,9,2023-08-01 16:00,East,991.22,3482
2023-08-01,356,21794.96,9,2023-08-01 16:00,West,4104.0,292
2023-08-01,356,21794.96,9,2023-08-01 16:00,North,279.02,3514
2023-08-02,390,61505.6,1,2023-08-02 16:00,West,169.29,-1
2023-08-02,390,61505.6,1,2023-08-02 16:00,East,50.53,-1
2023-08-02,390,61505.6,1,2023-08-02 16:00,West,771.0,-1
2023-08-02,390,61505.6,1,2023-08-02 16:00,North,890.25,-1
2023-08-02,390,61505.6,1,2023-08-02 16:00,North,672.49,2618
2023-08-02,390,61505.6,1,2023-08-02 16:00,North,761.3,3835
2023-08-02,390,61505.6,1,2023-08-02 16:00,West,20.71,3893
2023-08-02,390,61505.6,1,2023-08-02 16:00,South,173.56,1297
2023-08-02,390,61505.6,1,2023-08-02 16:00,North,4494.0,-1
2023-08-02,390,61505.6,1,2023-08-02 16:00,North,2739.0,-1
2023-08-02,390,61505.6,1,2023-08-02 16:00,West,3371.0,-1
2023-08-02,390,61505.6,1,2023-08-02 16:00,East,27.35,3752
2023-08-02,390,61505.6,1,2023-08-02 16:00,South,133.0,-1
2023-08-03,252,55084.49,9,2023-08-03 16:00,East,803.13,-1
2023-08-03,252,55084.49,9,2023-08-03 16:00,East,0.0,-1
2023-08-03,252,55084.49,9,2023-08-03 16:00,West,507.16,2091
2023-08-03,252,55084.49,9,2023-08-03 16:00,South,0.0,-1
2023-08-03,252,55084.49,9,2023-08-03 16:00,West,377.84,2105
2023-08-03,252,55084.49,9,2023-08-03 16:00,North,19.27,4950
2023-08-03,252,55084.49,9,2023-08-03 16:00,North,649.07,3815
2023-08-03,252,55084.49,9,2023-08-03 16:00,East,478.47,2959
2023-08-03,252,55084.49,9,2023-08-03 16:00,South,614.77,1736
2023-08-03,252,55084.49,9,2023-08-03 16:00,North,581.03,619
2023-08-03,252,55084.49,9,2023-08-03 16:00,North,517.74,-1
2023-08-03,252,55084.49,9,2023-08-03 16:00,North,173.05,2341
2023-08-04,183,40284.44,13,2023-08-04 16:00,North,726.0,2539
2023-08-04,183,40284.44,13,2023-08-04 16:00,East,415.9,-1
2023-08-04,183,40284.44,13,2023-08-04 16:00,West,314.48,4804
2023-08-04,183,40284.44,13,2023-08-04 16:00,North,550.27,3990
2023-08-04,183,40284.44,13,2023-08-04 16:00,East,752.76,-1
2023-08-04,183,40284.44,13,2023-08-04 16:00,North,463.69,657
2023-08-04,183,40284.44,13,2023-08-04 16:00,North,86.46,-1
2023-08-04,183,40284.44,13,2023-08-04 16:00,East,888.44,2832
2023-08-04,183,40284.44,13,2023-08-04 16:00,North,3838.0,-1
2023-08-04,183,40284.44,13,2023-08-04 16:00,West,573.81,337
2023-08-04,183,40284.44,13,2023-08-04 16:00,South,230.69,-1
2023-08-04,183,40284.44,13,2023-08-04 16:00,North,4035.0,-1
2023-08-05,245,39210.05,11,2023-08-05 16:00,East,1458.0,-1
2023-08-05,245,39210.05,11,2023-08-05 16:00,South,63.65,2268
2023-08-05,245,39210.05,11,2023-08-05 16:00,North,750.01,-1
2023-08-05,245,39210.05,11,2023-08-05 16:00,West,722.87,4259
2023-08-05,245,39210.05,11,2023-08-05 16:00,West,329.06,73
2023-08-05,245,39210.05,11,2023-08-05 16:00,South,674.97,2048
2023-08-05,245,39210.05,11,2023-08-05 16:00,East,513.26,1736
2023-08-05,245,39210.05,11,2023-08-05 16:00,West,660.38,641
2023-08-05,245,39210.05,11,2023-08-05 16:00,West,114.92,784
2023-08-05,245,39210.05,11,2023-08-05 16:00,North,4373.0,586
2023-08-06,357,35373.18,4,2023-08-06 16:00,West,944.03,4372
2023-08-06,357,35373.18,4,2023-08-06 16:00,East,840.28,3649
2023-08-06,357,35373.18,4,2023-08-06 16:00,North,0.0,-1
2023-08-06,357,35373.18,4,2023-08-06 16:00,South,174.71,3649
2023-08-06,357,35373.18,4,2023-08-06 16:00,West,154.79,-1
2023-08-06,357,35373.18,4,2023-08-06 16:00,North,811.08,3636
2023-08-06,357,35373.18,4,2023-08-06 16:00,East,110.73,4971
2023-08-06,357,35373.18,4,2023-08-06 16:00,North,4291.0,-1
2023-08-06,357,35373.18,4,2023-08-06 16:00,North,780.0,-1
2023-08-06,357,35373.18,4,2023-08-06 16:00,East,500.42,-1
2023-08-06,357,35373.18,4,2023-08-06 16:00,West,285.14,820
2023-08-07,259,71681.48,11,2023-08-07 16:00,West,186.35,1120
2023-08-07,259,71681.48,11,2023-08-07 16:00,East,923.0,-1
2023-08-07,259,71681.48,11,2023-08-07 16:00,South,40.21,2193
2023-08-07,259,71681.48,11,2023-08-07 16:00,East,209.4,2446
2023-08-07,259,71681.48,11,2023-08-07 16:00,South,296.49,4728
2023-08-07,259,71681.48,11,2023-08-07 16:00,North,425.54,-1
2023-08-07,259,71681.48,11,2023-08-07 16:00,West,829.34,2361
2023-08-07,259,71681.48,11,2023-08-07 16:00,South,49.97,-1
2023-08-07,259,71681.48,11,2023-08-07 16:00,East,829.83,4760
2023-08-07,259,71681.48,11,2023-08-07 16:00,South,1473.0,-1
2023-08-07,259,71681.48,11,2023-08-07 16:00,South,500.32,4752
2023-08-07,259,71681.48,11,2023-08-07 16:00,North,249.17,353
2023-08-07,259,71681.48,11,2023-08-07 16:00,North,2429.0,-1
2023-08-07,259,71681.48,11,2023-08-07 16:00,East,0.0,-1
2023-08-08,73,23864.02,5,2023-08-08 16:00,North,2708.0,77
2023-08-08,73,23864.02,5,2023-08-08 16:00,East,984.41,1720
2023-08-08,73,23864.02,5,2023-08-08 16:00,North,362.53,3616
2023-08-08,73,23864.02,5,2023-08-08 16:00,North,166.78,3829
2023-08-08,73,23864.02,5,2023-08-08 16:00,East,187.0,357
2023-08-08,73,23864.02,5,2023-08-08 16:00,North,712.54,906
2023-08-08,73,23864.02,5,2023-08-08 16:00,West,797.1,1169
2023-08-08,73,23864.02,5,2023-08-08 16:00,South,2029.0,-1
2023-08-08,73,23864.02,5,2023-08-08 16:00,North,741.37,572
2023-08-08,73,23864.02,5,2023-08-08 16:00,South,1551.0,-1
2023-08-09,324,50388.98,5,2023-08-09 16:00,West,2968.0,850
2023-08-09,324,50388.98,5,2023-08-09 16:00,West,58.97,1510
2023-08-09,324,50388.98,5,2023-08-09 16:00,East,640.71,-1
2023-08-09,324,50388.98,5,2023-08-09 16:00,West,208.89,3597
2023-08-09,324,50388.98,5,2023-08-09 16:00,North,3248.0,-1
2023-08-09,324,50388.98,5,2023-08-09 16:00,North,386.56,4913
2023-08-09,324,50388.98,5,2023-08-09 16:00,West,797.88,-1
2023-08-09,324,50388.98,5,2023-08-09 16:00,East,0.0,-1
2023-08-09,324,50388.98,5,2023-08-09 16:00,North,195.5,2134
2023-08-09,324,50388.98,5,2023-08-09 16:00,South,495.0,4788
2023-08-09,324,50388.98,5,2023-08-09 16:00,North,905.03,-1
2023-08-09,324,50388.98,5,2023-08-09 16:00,South,354.45,4531
2023-08-10,426,54543.21,5,2023-08-10 16:00,East,2068.0,-1
2023-08-10,426,54543.21,5,2023-08-10 16:00,North,692.56,-1
2023-08-10,426,54543.21,5,2023-08-10 16:00,East,466.97,1664
2023-08-10,426,54543.21,5,2023-08-10 16:00,South,159.55,2013
2023-08-10,426,54543.21,5,2023-08-10 16:00,South,266.48,-1
2023-08-10,426,54543.21,5,2023-08-10 16:00,West,447.33,1907
2023-08-10,426,54543.21,5,2023-08-10 16:00,South,995.57,598
2023-08-10,426,54543.21,5,2023-08-10 16:00,West,561.88,3373
2023-08-10,426,54543.21,5,2023-08-10 16:00,East,1676.0,-1
2023-08-10,426,54543.21,5,2023-08-10 16:00,West,3377.0,-1
2023-08-10,426,54543.21,5,2023-08-10 16:00,South,1805.0,-1
2023-08-10,426,54543.21,5,2023-08-10 16:00,North,108.63,-1
2023-08-10,426,54543.21,5,2023-08-10 16:00,East,226.69,4864
2023-08-11,243,76638.5,2,2023-08-11 16:00,North,2893.0,-1
2023-08-11,243,76638.5,2,2023-08-11 16:00,South,0.0,-1
2023-08-11,243,76638.5,2,2023-08-11 16:00,East,4103.0,-1
2023-08-11,243,76638.5,2,2023-08-11 16:00,West,876.91,2325
2023-08-11,243,76638.5,2,2023-08-11 16:00,South,710.79,-1
2023-08-11,243,76638.5,2,2023-08-11 16:00,North,2469.0,-1
2023-08-11,243,76638.5,2,2023-08-11 16:00,West,589.02,2424
2023-08-11,243,76638.5,2,2023-08-11 16:00,South,428.9,-1
2023-08-11,243,76638.5,2,2023-08-11 16:00,East,1068.0,-1
2023-08-11,243,76638.5,2,2023-08-11 16:00,West,0.0,-1
2023-08-11,243,76638.5,2,2023-08-11 16:00,West,423.49,690
2023-08-11,243,76638.5,2,2023-08-11 16:00,East,527.01,578
2023-08-11,243,76638.5,2,2023-08-11 16:00,North,3498.0,-1
2023-08-12,202,85415.0,14,2023-08-12 16:00,East,0.0,-1
2023-08-12,202,85415.0,14,2023-08-12 16:00,West,489.0,-1
2023-08-12,202,85415.0,14,2023-08-12 16:00,South,0.0,-1
2023-08-12,202,85415.0,14,2023-08-12 16:00,South,1107.0,-1
2023-08-12,202,85415.0,14,2023-08-12 16:00,East,924.0,-1
2023-08-12,202,85415.0,14,2023-08-12 16:00,West,0.0,-1
2023-08-12,202,85415.0,14,2023-08-12 16:00,West,916.7,3789
2023-08-12,202,85415.0,14,2023-08-12 16:00,West,1677.0,-1
2023-08-12,202,85415.0,14,2023-08-12 16:00,South,878.83,348
2023-08-12,202,85415.0,14,2023-08-12 16:00,South,854.13,2465
2023-08-12,202,85415.0,14,2023-08-12 16:00,East,281.41,4031
2023-08-12,202,85415.0,14,2023-08-12 16:00,South,576.38,3550
2023-08-12,202,85415.0,14,2023-08-12 16:00,South,483.57,522
2023-08-12,202,85415.0,14,2023-08-12 16:00,North,641.39,872
2023-08-13,436,72075.8,8,2023-08-13 16:00,West,558.91,1724
2023-08-13,436,72075.8,8,2023-08-13 16:00,South,4758.0,360
2023-08-13,436,72075.8,8,2023-08-13 16:00,West,370.41,4589
2023-08-13,436,72075.8,8,2023-08-13 16:00,North,340.18,759
2023-08-13,436,72075.8,8,2023-08-13 16:00,West,358.0,-1
2023-08-13,436,72075.8,8,2023-08-13 16:00,North,317.58,936
2023-08-13,436,72075.8,8,2023-08-13 16:00,South,989.56,4536
2023-08-13,436,72075.8,8,2023-08-13 16:00,South,642.11,-1
2023-08-13,436,72075.8,8,2023-08-13 16:00,East,90.34,35
2023-08-13,436,72075.8,8,2023-08-13 16:00,East,526.26,1323
2023-08-14,365,76699.61,2,2023-08-14 16:00,East,725.89,3744
2023-08-14,365,76699.61,2,2023-08-14 16:00,West,199.0,239
2023-08-14,365,76699.61,2,2023-08-14 16:00,East,358.12,-1
2023-08-14,365,76699.61,2,2023-08-14 16:00,South,827.34,-1
2023-08-14,365,76699.61,2,2023-08-14 16:00,East,574.94,-1
2023-08-14,365,76699.61,2,2023-08-14 16:00,North,860.27,2876
2023-08-14,365,76699.61,2,2023-08-14 16:00,East,597.77,2151
2023-08-15,432,21972.66,10,2023-08-15 16:00,East,581.56,4892
2023-08-15,432,21972.66,10,2023-08-15 16:00,West,587.32,3985
2023-08-15,432,21972.66,10,2023-08-15 16:00,West,2100.0,-1
2023-08-15,432,21972.66,10,2023-08-15 16:00,South,0.0,-1
2023-08-15,432,21972.66,10,2023-08-15 16:00,North,140.27,173
2023-08-15,432,21972.66,10,2023-08-15 16:00,South,127.0,1637
2023-08-15,432,21972.66,10,2023-08-15 16:00,West,340.09,1724
2023-08-15,432,21972.66,10,2023-08-15 16:00,North,452.85,-1
2023-08-15,432,21972.66,10,2023-08-15 16:00,East,480.44,-1
2023-08-15,432,21972.66,10,2023-08-15 16:00,West,589.24,4717
2023-08-15,432,21972.66,10,2023-08-15 16:00,South,959.01,-1
2023-08-16,386,72777.46,7,2023-08-16 16:00,North,355.5,2102
2023-08-16,386,72777.46,7,2023-08-16 16:00,North,858.48,-1
2023-08-16,386,72777.46,7,2023-08-16 16:00,West,695.77,2072
2023-08-16,386,72777.46,7,2023-08-16 16:00,East,779.0,-1
2023-08-16,386,72777.46,7,2023-08-16 16:00,East,102.87,1782
2023-08-16,386,72777.46,7,2023-08-16 16:00,North,667.0,-1
2023-08-16,386,72777.46,7,2023-08-16 16:00,West,3373.0,-1
2023-08-16,386,72777.46,7,2023-08-16 16:00,West,93.6,2947
2023-08-16,386,72777.46,7,2023-08-16 16:00,North,736.75,4449
2023-08-16,386,72777.46,7,2023-08-16 16:00,West,2749.0,-1
2023-08-16,386,72777.46,7,2023-08-16 16:00,West,50.78,4218
2023-08-16,386,72777.46,7,2023-08-16 16:00,West,790.9,-1
2023-08-17,146,49619.28,7,2023-08-17 16:00,East,4281.0,-1
2023-08-17,146,49619.28,7,2023-08-17 16:00,North,4063.0,-1
2023-08-17,146,49619.28,7,2023-08-17 16:00,West,1884.0,-1
2023-08-17,146,49619.28,7,2023-08-17 16:00,North,574.91,-1
2023-08-17,146,49619.28,7,2023-08-17 16:00,West,424.66,4877
2023-08-17,146,49619.28,7,2023-08-17 16:00,West,612.0,-1
2023-08-17,146,49619.28,7,2023-08-17 16:00,North,63.59,2584
2023-08-17,146,49619.28,7,2023-08-17 16:00,North,4390.0,-1
2023-08-17,146,49619.28,7,2023-08-17 16:00,South,0.0,-1
2023-08-17,146,49619.28,7,2023-08-17 16:00,South,0.0,-1
2023-08-17,146,49619.28,7,2023-08-17 16:00,North,2118.0,860
2023-08-18,104,26609.8,13,2023-08-18 16:00,South,291.0,-1
2023-08-18,104,26609.8,13,2023-08-18 16:00,South,790.63,4842
2023-08-18,104,26609.8,13,2023-08-18 16:00,South,848.42,-1
2023-08-18,104,26609.8,13,2023-08-18 16:00,West,299.72,-1
2023-08-18,104,26609.8,13,2023-08-18 16:00,West,427.54,4079
2023-08-18,104,26609.8,13,2023-08-18 16:00,South,25.0,-1
2023-08-18,104,26609.8,13,2023-08-18 16:00,North,1540.0,-1
2023-08-18,104,26609.8,13,2023-08-18 16:00,West,2048.0,-1
2023-08-18,104,26609.8,13,2023-08-18 16:00,West,293.56,3384
2023-08-18,104,26609.8,13,2023-08-18 16:00,South,751.0,-1
2023-08-18,104,26609.8,13,2023-08-18 16:00,East,122.34,-1
2023-08-18,104,26609.8,13,2023-08-18 16:00,West,749.03,-1
2023-08-18,104,26609.8,13,2023-08-18 16:00,North,854.49,4600
2023-08-18,104,26609.8,13,2023-08-18 16:00,East,352.28,2908
2023-08-19,485,47208.16,4,2023-08-19 16:00,East,567.52,35
2023-08-19,485,47208.16,4,2023-08-19 16:00,West,348.88,4865
2023-08-19,485,47208.16,4,2023-08-19 16:00,East,512.54,1130
2023-08-19,485,47208.16,4,2023-08-19 16:00,West,499.4,620
2023-08-19,485,47208.16,4,2023-08-19 16:00,North,676.5,2515
2023-08-19,485,47208.16,4,2023-08-19 16:00,South,1857.0,-1
2023-08-19,485,47208.16,4,2023-08-19 16:00,South,588.13,951
2023-08-19,485,47208.16,4,2023-08-19 16:00,North,863.86,220
2023-08-19,485,47208.16,4,2023-08-19 16:00,North,494.08,3622
2023-08-19,485,47208.16,4,2023-08-19 16:00,North,939.45,2733
2023-08-20,153,38011.53,3,2023-08-20 16:00,North,1071.0,-1
2023-08-20,153,38011.53,3,2023-08-20 16:00,North,1906.0,-1
2023-08-20,153,38011.53,3,2023-08-20 16:00,East,534.2,-1
2023-08-20,153,38011.53,3,2023-08-20 16:00,South,1296.0,-1
2023-08-20,153,38011.53,3,2023-08-20 16:00,North,141.65,-1
2023-08-20,153,38011.53,3,2023-08-20 16:00,North,84.31,3547
2023-08-20,153,38011.53,3,2023-08-20 16:00,East,907.0,-1
2023-08-20,153,38011.53,3,2023-08-20 16:00,East,615.26,2013
2023-08-20,153,38011.53,3,2023-08-20 16:00,North,0.86,959
2023-08-20,153,38011.53,3,2023-08-20 16:00,North,861.98,3369
2023-08-20,153,38011.53,3,2023-08-20 16:00,East,849.96,4345
2023-08-20,153,38011.53,3,2023-08-20 16:00,East,150.08,4010
2023-08-21,224,36478.5,10,2023-08-21 16:00,South,0.0,-1
2023-08-21,224,36478.5,10,2023-08-21 16:00,West,4275.0,1373
2023-08-21,224,36478.5,10,2023-08-21 16:00,North,462.74,68
2023-08-21,224,36478.5,10,2023-08-21 16:00,East,275.77,-1
2023-08-21,224,36478.5,10,2023-08-21 16:00,North,4065.0,-1
2023-08-21,224,36478.5,10,2023-08-21 16:00,South,672.52,1408
2023-08-21,224,36478.5,10,2023-08-21 16:00,North,0.0,-1
2023-08-21,224,36478.5,10,2023-08-21 16:00,South,862.78,-1
2023-08-21,224,36478.5,10,2023-08-21 16:00,East,53.16,3092
2023-08-21,224,36478.5,10,2023-08-21 16:00,South,832.9,3669
2023-08-21,224,36478.5,10,2023-08-21 16:00,North,0.0,-1
2023-08-21,224,36478.5,10,2023-08-21 16:00,South,3419.0,-1
2023-08-22,88,39029.3,1,2023-08-22 16:00,West,3118.0,-1
2023-08-22,88,39029.3,1,2023-08-22 16:00,North,31.58,-1
2023-08-22,88,39029.3,1,2023-08-22 16:00,North,213.78,1885
2023-08-22,88,39029.3,1,2023-08-22 16:00,South,169.68,552
2023-08-22,88,39029.3,1,2023-08-22 16:00,South,262.18,4031
2023-08-22,88,39029.3,1,2023-08-22 16:00,South,482.39,65
2023-08-22,88,39029.3,1,2023-08-22 16:00,North,625.51,681
2023-08-22,88,39029.3,1,2023-08-22 16:00,North,117.1,2381
2023-08-22,88,39029.3,1,2023-08-22 16:00,South,847.39,-1
2023-08-22,88,39029.3,1,2023-08-22 16:00,North,644.09,-1
2023-08-22,88,39029.3,1,2023-08-22 16:00,West,639.83,2243
2023-08-23,434,79330.42,1,2023-08-23 16:00,South,649.33,195
2023-08-23,434,79330.42,1,2023-08-23 16:00,South,734.44,-1
2023-08-23,434,79330.42,1,2023-08-23 16:00,North,0.0,-1
2023-08-23,434,79330.42,1,2023-08-23 16:00,South,887.08,4413
2023-08-23,434,79330.42,1,2023-08-23 16:00,North,928.85,696
2023-08-23,434,79330.42,1,2023-08-23 16:00,West,1195.0,-1
2023-08-23,434,79330.42,1,2023-08-23 16:00,West,3009.0,-1
2023-08-23,434,79330.42,1,2023-08-23 16:00,West,658.98,3284
2023-08-23,434,79330.42,1,2023-08-23 16:00,West,4645.0,-1
2023-08-23,434,79330.42,1,2023-08-23 16:00,South,238.15,2839
2023-08-23,434,79330.42,1,2023-08-23 16:00,East,358.52,2099
2023-08-23,434,79330.42,1,2023-08-23 16:00,East,854.07,725
2023-08-24,294,67872.13,5,2023-08-24 16:00,North,631.82,990
2023-08-24,294,67872.13,5,2023-08-24 16:00,South,395.59,1449
2023-08-24,294,67872.13,5,2023-08-24 16:00,West,2142.0,-1
2023-08-24,294,67872.13,5,2023-08-24 16:00,North,522.62,4065
2023-08-24,294,67872.13,5,2023-08-24 16:00,East,166.06,-1
2023-08-24,294,67872.13,5,2023-08-24 16:00,West,60.18,776
2023-08-24,294,67872.13,5,2023-08-24 16:00,West,1587.0,-1
2023-08-24,294,67872.13,5,2023-08-24 16:00,West,326.2,3497
2023-08-24,294,67872.13,5,2023-08-24 16:00,North,558.19,-1
2023-08-24,294,67872.13,5,2023-08-24 16:00,North,0.0,-1
2023-08-24,294,67872.13,5,2023-08-24 16:00,West,757.1,4883
2023-08-24,294,67872.13,5,2023-08-24 16:00,East,459.05,-1
2023-08-24,294,67872.13,5,2023-08-24 16:00,West,590.56,-1
2023-08-24,294,67872.13,5,2023-08-24 16:00,West,825.71,-1
2023-08-25,391,74551.86,12,2023-08-25 16:00,South,3439.0,1112
2023-08-25,391,74551.86,12,2023-08-25 16:00,West,743.86,-1
2023-08-25,391,74551.86,12,2023-08-25 16:00,North,109.15,1118
2023-08-25,391,74551.86,12,2023-08-25 16:00,East,287.17,2928
2023-08-25,391,74551.86,12,2023-08-25 16:00,North,182.35,1019
2023-08-25,391,74551.86,12,2023-08-25 16:00,North,105.74,4726
2023-08-25,391,74551.86,12,2023-08-25 16:00,East,0.0,-1
2023-08-25,391,74551.86,12,2023-08-25 16:00,West,937.0,-1
2023-08-25,391,74551.86,12,2023-08-25 16:00,East,694.91,-1
2023-08-25,391,74551.86,12,2023-08-25 16:00,East,196.38,-1
2023-08-25,391,74551.86,12,2023-08-25 16:00,North,328.94,348
2023-08-25,391,74551.86,12,2023-08-25 16:00,East,332.88,975
2023-08-25,391,74551.86,12,2023-08-25 16:00,West,216.47,2086
2023-08-25,391,74551.86,12,2023-08-25 16:00,North,880.8,826
2023-08-26,473,59611.99,7,2023-08-26 16:00,South,3151.0,-1
2023-08-26,473,59611.99,7,2023-08-26 16:00,West,221.56,3556
2023-08-26,473,59611.99,7,2023-08-26 16:00,North,4660.0,336
2023-08-26,473,59611.99,7,2023-08-26 16:00,North,1156.0,-1
2023-08-26,473,59611.99,7,2023-08-26 16:00,North,861.08,2519
2023-08-26,473,59611.99,7,2023-08-26 16:00,North,636.21,1762
2023-08-26,473,59611.99,7,2023-08-26 16:00,West,1008.0,-1
2023-08-26,473,59611.99,7,2023-08-26 16:00,South,373.4,-1
2023-08-26,473,59611.99,7,2023-08-26 16:00,West,869.03,369
2023-08-26,473,59611.99,7,2023-08-26 16:00,North,737.92,2149
2023-08-27,445,43994.45,8,2023-08-27 16:00,North,256.88,-1
2023-08-27,445,43994.45,8,2023-08-27 16:00,East,944.0,-1
2023-08-27,445,43994.45,8,2023-08-27 16:00,South,584.12,3020
2023-08-27,445,43994.45,8,2023-08-27 16:00,West,1768.0,-1
2023-08-27,445,43994.45,8,2023-08-27 16:00,West,881.47,-1
2023-08-27,445,43994.45,8,2023-08-27 16:00,South,491.36,-1
2023-08-27,445,43994.45,8,2023-08-27 16:00,East,2845.0,-1
2023-08-27,445,43994.45,8,2023-08-27 16:00,East,663.71,-1
2023-08-27,445,43994.45,8,2023-08-27 16:00,South,145.93,-1
2023-08-27,445,43994.45,8,2023-08-27 16:00,North,917.86,1265
2023-08-27,445,43994.45,8,2023-08-27 16:00,West,21.12,-1
2023-08-27,445,43994.45,8,2023-08-27 16:00,West,209.16,614
2023-08-27,445,43994.45,8,2023-08-27 16:00,West,314.49,4506
2023-08-27,445,43994.45,8,2023-08-27 16:00,West,296.7,3142
2023-08-28,305,43937.07,13,2023-08-28 16:00,North,1326.0,391
2023-08-28,305,43937.07,13,2023-08-28 16:00,North,4328.0,-1
2023-08-28,305,43937.07,13,2023-08-28 16:00,West,96.45,3976
2023-08-28,305,43937.07,13,2023-08-28 16:00,West,78.28,1244
2023-08-28,305,43937.07,13,2023-08-28 16:00,West,829.24,-1
2023-08-28,305,43937.07,13,2023-08-28 16:00,North,2333.0,-1
2023-08-28,305,43937.07,13,2023-08-28 16:00,North,671.37,2361
2023-08-28,305,43937.07,13,2023-08-28 16:00,West,0.0,-1
2023-08-28,305,43937.07,13,2023-08-28 16:00,East,3083.0,-1
2023-08-28,305,43937.07,13,2023-08-28 16:00,West,835.6,-1
2023-08-28,305,43937.07,13,2023-08-28 16:00,North,2278.0,-1
2023-08-29,99,75467.18,11,2023-08-29 16:00,East,182.02,2338
2023-08-29,99,75467.18,11,2023-08-29 16:00,East,3514.0,-1
2023-08-29,99,75467.18,11,2023-08-29 16:00,East,1088.0,-1
2023-08-29,99,75467.18,11,2023-08-29 16:00,West,421.97,4298
2023-08-29,99,75467.18,11,2023-08-29 16:00,South,4643.0,295
2023-08-29,99,75467.18,11,2023-08-29 16:00,East,952.0,-1
2023-08-29,99,75467.18,11,2023-08-29 16:00,East,3400.0,-1
2023-08-29,99,75467.18,11,2023-08-29 16:00,North,547.17,-1
2023-08-29,99,75467.18,11,2023-08-29 16:00,South,759.25,858
2023-08-29,99,75467.18,11,2023-08-29 16:00,North,2082.0,-1
2023-08-29,99,75467.18,11,2023-08-29 16:00,North,765.58,-1
2023-08-29,99,75467.18,11,2023-08-29 16:00,South,55.0,-1
2023-08-29,99,75467.18,11,2023-08-29 16:00,North,219.0,-1
2023-08-29,99,75467.18,11,2023-08-29 16:00,East,409.81,327
2023-08-30,114,69339.89,3,2023-08-30 16:00,South,69.21,112
2023-08-30,114,69339.89,3,2023-08-30 16:00,South,0.0,-1
2023-08-30,114,69339.89,3,2023-08-30 16:00,North,743.12,2821
2023-08-30,114,69339.89,3,2023-08-30 16:00,West,361.0,-1
2023-08-30,114,69339.89,3,2023-08-30 16:00,South,476.66,660
2023-08-30,114,69339.89,3,2023-08-30 16:00,East,100.77,936
2023-08-30,114,69339.89,3,2023-08-30 16:00,West,757.22,80
2023-08-30,114,69339.89,3,2023-08-30 16:00,West,3154.0,-1
2023-08-30,114,69339.89,3,2023-08-30 16:00,East,4738.0,-1
2023-08-30,114,69339.89,3,2023-08-30 16:00,East,832.01,3655
2023-08-30,114,69339.89,3,2023-08-30 16:00,West,3681.0,3170
2023-08-30,114,69339.89,3,2023-08-30 16:00,South,943.86,949
2023-08-30,114,69339.89,3,2023-08-30 16:00,East,686.87,-1
2023-08-31,248,59735.48,1,2023-08-31 16:00,East,3577.0,52
2023-08-31,248,59735.48,1,2023-08-31 16:00,North,290.09,4714
2023-08-31,248,59735.48,1,2023-08-31 16:00,West,150.65,1733
2023-08-31,248,59735.48,1,2023-08-31 16:00,East,775.73,-1
2023-08-31,248,59735.48,1,2023-08-31 16:00,North,550.36,-1
2023-08-31,248,59735.48,1,2023-08-31 16:00,South,322.41,-1
2023-08-31,248,59735.48,1,2023-08-31 16:00,North,4144.0,3002
2023-08-31,248,59735.48,1,2023-08-31 16:00,South,944.7,1282
2023-08-31,248,59735.48,1,2023-08-31 16:00,East,602.15,-1
2023-08-31,248,59735.48,1,2023-08-31 16:00,North,374.78,995
2023-08-31,248,59735.48,1,2023-08-31 16:00,South,501.02,1824
2023-08-31,248,59735.48,1,2023-08-31 16:00,South,3.84,-1
2023-08-31,248,59735.48,1,2023-08-31 16:00,North,0.0,-1
2023-09-01,223,33835.78,14,2023-09-01 16:00,South,140.67,3785
2023-09-01,223,33835.78,14,2023-09-01 16:00,West,272.85,1539
2023-09-01,223,33835.78,14,2023-09-01 16:00,West,864.0,914
2023-09-01,223,33835.78,14,2023-09-01 16:00,East,134.24,-1
2023-09-01,223,33835.78,14,2023-09-01 16:00,West,970.46,-1
2023-09-01,223,33835.78,14,2023-09-01 16:00,South,139.93,3643
2023-09-01,223,33835.78,14,2023-09-01 16:00,East,693.19,3950
2023-09-01,223,33835.78,14,2023-09-01 16:00,South,238.44,-1
2023-09-01,223,33835.78,14,2023-09-01 16:00,North,3069.0,-1
2023-09-01,223,33835.78,14,2023-09-01 16:00,South,452.42,1010
2023-09-01,223,33835.78,14,2023-09-01 16:00,East,455.02,2777
2023-09-02,154,67494.54,6,2023-09-02 16:00,North,132.45,4306
2023-09-02,154,67494.54,6,2023-09-02 16:00,North,466.49,-1
2023-09-02,154,67494.54,6,2023-09-02 16:00,West,408.97,2740
2023-09-02,154,67494.54,6,2023-09-02 16:00,South,546.19,2207
2023-09-02,154,67494.54,6,2023-09-02 16:00,East,1561.0,-1
2023-09-02,154,67494.54,6,2023-09-02 16:00,North,617.38,-1
2023-09-02,154,67494.54,6,2023-09-02 16:00,West,3183.0,-1
2023-09-02,154,67494.54,6,2023-09-02 16:00,West,697.75,3211
2023-09-02,154,67494.54,6,2023-09-02 16:00,East,3705.0,-1
2023-09-02,154,67494.54,6,2023-09-02 16:00,East,810.23,-1
2023-09-02,154,67494.54,6,2023-09-02 16:00,South,861.34,4357
2023-09-02,154,67494.54,6,2023-09-02 16:00,East,880.35,3292
2023-09-02,154,67494.54,6,2023-09-02 16:00,West,743.75,3580
2023-09-02,154,67494.54,6,2023-09-02 16:00,North,388.08,566
2023-09-02,154,67494.54,6,2023-09-02 16:00,South,974.35,4213
2023-09-03,358,32363.69,12,2023-09-03 16:00,East,127.94,-1
2023-09-03,358,32363.69,12,2023-09-03 16:00,North,975.69,1412
2023-09-03,358,32363.69,12,2023-09-03 16:00,North,203.38,4527
2023-09-03,358,32363.69,12,2023-09-03 16:00,West,3926.0,-1
2023-09-03,358,32363.69,12,2023-09-03 16:00,West,955.45,-1
2023-09-03,358,32363.69,12,2023-09-03 16:00,South,785.15,603
2023-09-03,358,32363.69,12,2023-09-03 16:00,East,528.0,-1
2023-09-03,358,32363.69,12,2023-09-03 16:00,East,3887.0,300
2023-09-03,358,32363.69,12,2023-09-03 16:00,West,893.4,1066
2023-09-03,358,32363.69,12,2023-09-03 16:00,East,318.48,1908
2023-09-03,358,32363.69,12,2023-09-03 16:00,East,1367.0,-1
2023-09-03,358,32363.69,12,2023-09-03 16:00,West,2735.0,-1
2023-09-04,308,85615.4,3,2023-09-04 16:00,South,909.43,3620
2023-09-04,308,85615.4,3,2023-09-04 16:00,North,1940.0,-1
2023-09-04,308,85615.4,3,2023-09-04 16:00,North,416.03,3488
2023-09-04,308,85615.4,3,2023-09-04 16:00,North,640.73,3775
2023-09-04,308,85615.4,3,2023-09-04 16:00,West,779.75,4980
2023-09-04,308,85615.4,3,2023-09-04 16:00,North,54.33,1706
2023-09-04,308,85615.4,3,2023-09-04 16:00,North,314.57,1073
2023-09-04,308,85615.4,3,2023-09-04 16:00,North,906.17,4803
2023-09-04,308,85615.4,3,2023-09-04 16:00,West,462.26,1708
2023-09-04,308,85615.4,3,2023-09-04 16:00,West,0.0,-1
2023-09-04,308,85615.4,3,2023-09-04 16:00,West,66.86,1250
2023-09-04,308,85615.4,3,2023-09-04 16:00,North,4073.0,-1
2023-09-04,308,85615.4,3,2023-09-04 16:00,North,0.0,-1
2023-09-04,308,85615.4,3,2023-09-04 16:00,South,803.56,1669
2023-09-05,92,70036.99,5,2023-09-05 16:00,East,4239.0,-1
2023-09-05,92,70036.99,5,2023-09-05 16:00,West,543.53,-1
2023-09-05,92,70036.99,5,2023-09-05 16:00,South,3023.0,222
2023-09-05,92,70036.99,5,2023-09-05 16:00,South,611.17,-1
2023-09-05,92,70036.99,5,2023-09-05 16:00,North,266.35,-1
2023-09-05,92,70036.99,5,2023-09-05 16:00,North,228.39,1963
2023-09-05,92,70036.99,5,2023-09-05 16:00,East,0.0,-1
2023-09-05,92,70036.99,5,2023-09-05 16:00,West,847.98,-1
2023-09-05,92,70036.99,5,2023-09-05 16:00,South,886.8,4778
2023-09-05,92,70036.99,5,2023-09-05 16:00,North,0.0,-1
2023-09-05,92,70036.99,5,2023-09-05 16:00,South,352.5,2806
2023-09-05,92,70036.99,5,2023-09-05 16:00,East,204.95,3049
2023-09-06,231,49325.31,12,2023-09-06 16:00,East,5.04,-1
2023-09-06,231,49325.31,12,2023-09-06 16:00,South,872.47,-1
2023-09-06,231,49325.31,12,2023-09-06 16:00,North,442.31,3801
2023-09-06,231,49325.31,12,2023-09-06 16:00,South,69.01,-1
2023-09-06,231,49325.31,12,2023-09-06 16:00,West,611.14,-1
2023-09-06,231,49325.31,12,2023-09-06 16:00,West,481.61,2267
2023-09-06,231,49325.31,12,2023-09-06 16:00,East,463.89,-1
2023-09-06,231,49325.31,12,2023-09-06 16:00,North,2024.0,-1
2023-09-06,231,49325.31,12,2023-09-06 16:00,West,757.68,1277
2023-09-06,231,49325.31,12,2023-09-06 16:00,East,0.0,-1
2023-09-06,231,49325.31,12,2023-09-06 16:00,West,175.04,2784
2023-09-06,231,49325.31,12,2023-09-06 16:00,East,4183.0,-1
2023-09-06,231,49325.31,12,2023-09-06 16:00,North,484.02,-1
2023-09-07,366,78588.39,6,2023-09-07 16:00,North,731.32,-1
2023-09-07,366,78588.39,6,2023-09-07 16:00,East,618.14,-1
2023-09-07,366,78588.39,6,2023-09-07 16:00,East,743.8,-1
2023-09-07,366,78588.39,6,2023-09-07 16:00,West,301.0,-1
2023-09-07,366,78588.39,6,2023-09-07 16:00,East,975.8,-1
2023-09-07,366,78588.39,6,2023-09-07 16:00,East,77.09,-1
2023-09-07,366,78588.39,6,2023-09-07 16:00,North,489.77,862
2023-09-07,366,78588.39,6,2023-09-07 16:00,East,700.64,1599
2023-09-07,366,78588.39,6,2023-09-07 16:00,North,1876.0,639
2023-09-07,366,78588.39,6,2023-09-07 16:00,North,3737.0,-1
2023-09-07,366,78588.39,6,2023-09-07 16:00,South,128.85,1707
2023-09-07,366,78588.39,6,2023-09-07 16:00,West,17.39,3329
2023-09-07,366,78588.39,6,2023-09-07 16:00,South,137.15,3390
2023-09-07,366,78588.39,6,2023-09-07 16:00,North,0.0,-1
2023-09-08,80,85492.22,6,2023-09-08 16:00,East,330.45,2672
2023-09-08,80,85492.22,6,2023-09-08 16:00,South,612.04,4159
2023-09-08,80,85492.22,6,2023-09-08 16:00,East,523.07,4828
2023-09-08,80,85492.22,6,2023-09-08 16:00,North,2293.0,777
2023-09-08,80,85492.22,6,2023-09-08 16:00,West,241.65,3355
2023-09-08,80,85492.22,6,2023-09-08 16:00,West,1835.0,-1
2023-09-08,80,85492.22,6,2023-09-08 16:00,North,423.55,2280
2023-09-08,80,85492.22,6,2023-09-08 16:00,West,544.1,4821
2023-09-08,80,85492.22,6,2023-09-08 16:00,North,496.35,1489
